Ovis_aries,Homo_sapiens,Canis_lupus,Sus_scrofa,Rattus_norvegicus,Oryctolagus_cuniculus,Felis_catus
ENSG00000120885,17.8852933085,145.38912936,2.89524074768,14.207986316,21.181018141,46.1859916267,0.565679121535
ENSG00000031698,7.04317155759,22.9133385383,2.57863165236,10.4100143863,0.84957328905,5.02965770505,1.04170927045
ENSG00000171303,0.0896534462491,2.06039873439,0.0855752560641,0.0314571700782,0.499204351575,0.047342499939,0.487371610863
ENSG00000031691,1.50551462918,0.598914308777,0.121607251,3.75256940172,0.63387599884,0.878405508465,1.13699358225
ENSG00000135355,0.0215112180366,0.0167450049821,0.103783677565,0.251110637276,0.0174805582067,0.0769201183345,0.067001646919
ENSG00000179152,0.275833782202,1.7629146496,0.754788990595,0.611216311511,0.547000608915,0.536454083115,1.7519827804
ENSG00000179151,0.446690897001,1.1270438877,0.10752847738,1.4442510269,0.198762154125,5.03627716268,0.20650258691
ENSG00000142156,16.7144614404,22.6186772432,60.4362422777,84.5186908908,3.62657600545,80.3255301762,6.8949163985
ENSG00000147471,2.48242514975,2.22767199009,0.471122808599,1.54670817978,0.53501059445,3.24001534895,0.430842128795
ENSG00000142621,0.199771999821,0.132289142716,0.0684425112777,0.219091089864,0.14112411736,0.170968758574,0.046857435981
ENSG00000223638,0.0,0.0315797554736,0.0,2.15912534603,0.0517561526215,0.0,0.0354858550562
ENSG00000169519,0.293247129234,1.0655780129,0.546815576798,1.09435497425,0.57314433097,1.52844417677,0.618388901835
ENSG00000169047,0.14460010974,1.84446364384,1.23845212162,1.85745240342,0.33959891522,0.383112552405,0.05432793851
ENSG00000068654,0.48622917031,1.53359068394,0.522352628208,0.942110781466,0.076111506475,0.655185577315,0.078801133245
ENSG00000068308,1.20173410018,2.02782036348,0.789908155593,1.41453457774,0.30007567365,4.79451680555,0.122524029775
ENSG00000163617,0.335555606405,0.203916012272,0.506912252206,2.71921978749,0.21358861194,0.401580003155,0.188934779783
ENSG00000189159,3.61015856354,3.68101810966,1.55798820016,1.21994371035,0.27900318385,0.080580330505,0.79837915595
ENSG00000163611,0.582826819723,0.747873131058,2.57603614244,0.979449739487,0.30288717058,1.38546704953,0.07836204041
ENSG00000183172,87.7063011694,11.2137787298,42.5407362921,5.26406102002,19.656845282,64.2556287345,3.5302956832
ENSG00000167550,0.0312481373787,0.136077963134,0.0833754204204,0.0828883701844,0.23134840556,0.114723444169,0.0672782636858
ENSG00000240344,2.01842932842,3.04476667338,1.76446777486,4.32797140405,0.30486617549,4.88965176348,0.19392546482
ENSG00000273274,0.103262601746,0.0252643908912,0.170717779424,0.0343201170889,0.137557895575,0.0316001469177,0.0700984989835
ENSG00000062485,9.11541562809,20.789527538,35.3235024264,12.3713190932,3.28559420705,4.1309457755,9.24946763735
ENSG00000114115,21.3528750078,0.582254642752,0.599133973247,2.20577041773,3.37419876485,1.45454439579,0.631133254525
ENSG00000114113,0.442940237619,0.0,0.0897607859121,0.144010189309,0.0271961599545,0.0,0.021420260051
ENSG00000108813,0.0358239978161,0.115271890835,0.0264591270009,0.532360608254,0.19794766543,0.12240312746,0.00474874669541
ENSG00000071967,17.3399713838,18.5294702912,30.3422237647,38.5038119876,0.30956579083,14.2917493156,1.22052640295
ENSG00000127080,0.199391936281,0.54760825122,0.219257405727,0.819523403748,0.037209641315,0.471149102055,0.065488406615
ENSG00000095713,0.229857833974,0.452491765295,0.126545642172,0.114757961894,0.044059212599,0.0381220812765,0.10333637032
ENSG00000166398,2.41287627337,3.06554400529,1.4370410129,5.41326954782,0.66681668725,0.15356848926,0.538658799465
ENSG00000131944,1.51451379962,0.13649985557,0.524581455589,0.298980062945,0.0155944838725,0.080903509565,0.396330929035
ENSG00000105339,0.419058267506,10.0623369801,0.448595418243,0.595314090798,0.2076673764,1.13272153798,0.167649721715
ENSG00000166396,0.164080571833,0.0300231929968,0.00769418124101,1.28097330645,0.0102283855025,0.0,0.0302838042979
ENSG00000131943,5.1700603609,24.7400818769,0.707900347415,1.9007561693,0.4837313828,23.943617996,16.6753451528
ENSG00000106733,9.12967207768,4.31383473687,1.08093595921,3.3763778925,0.029415456765,1.16295011687,0.954078211075
ENSG00000152795,11.4904950673,15.6250960749,11.8873331049,6.45009047799,0.1840975181,9.50781813225,10.0346418223
ENSG00000136997,5.53058786394,8.58440113299,1.07861945988,11.2751104628,1.39666337875,0.14245712585,2.96434044695
ENSG00000132361,1.78564432782,4.01408823866,3.0878348359,1.72919178315,1.21589735535,4.78934247525,0.7466885037
ENSG00000273899,0.786682940272,3.0838669345,0.530338010124,0.502392058418,0.152791931427,1.71203760096,0.288959353865
ENSG00000015592,0.0904070331653,0.110216014105,0.1218552624,1.06931701162,0.0826212081,0.0219607614399,0.00865318222025
ENSG00000136999,8.83806788271,1.53094646202,3.54249754666,1.65413781797,0.851182012935,3.25401717927,2.87430532092
ENSG00000138434,0.495594389952,10.9812463698,2.2380869849,4.71299722489,0.85777673425,3.9612768261,1.87158375305
ENSG00000138738,1.28420313691,2.01545973634,1.1225997118,1.34591027768,0.286715603195,0.64513931147,0.20431438509
ENSG00000128645,0.0240419314271,0.08664070024,0.0240085196922,0.0304419815942,0.069933885285,0.195924673222,0.134127657481
ENSG00000182220,8.34363551335,9.53260975595,2.96650485505,15.163724467,0.5737631001,2.0012988454,0.9589752542
ENSG00000166171,1.06230899604,0.427455582672,0.638677544426,2.90658202131,0.170997625875,1.58015351405,0.329738412465
ENSG00000244045,2.43018195989,1.07385243622,3.12155488563,1.15567443603,0.87264019062,3.64996550149,1.39852359679
ENSG00000166173,1.43160717314,29.5937823264,5.21403077086,3.10791612485,0.318118125715,2.03387320153,2.72256874165
ENSG00000136197,0.608668462727,1.20442580119,0.396572075779,1.53695215089,0.0919981711,0.8311260743,0.53798476417
ENSG00000136193,2.30599147953,2.01260717415,1.00366589478,0.26138782429,0.00818090018,1.04102327847,0.51873377524
ENSG00000171862,6.35856857478,34.6203595887,11.5551165654,18.0942915534,0.4351604228,17.4349388687,10.7601278109
ENSG00000164823,0.434452282462,7.06809104974,0.13269756928,3.62641683086,0.07716356188,0.006324649435,0.124017199182
ENSG00000164825,1.65094692363,2.8144976977,0.0391364702224,26.4248453509,1.10215819993,774.746539265,26.4911092905
ENSG00000164828,0.683737988987,5.00001214461,1.82132565829,1.60265203516,0.360005146105,5.4214786625,4.3581086104
ENSG00000091127,0.27496156906,2.88559693811,0.879731967767,3.7903395479,0.11837573879,1.04707726751,0.830473520555
ENSG00000091651,2.15204408568,0.615280177188,0.162825993148,1.73216900783,0.0209298555,0.303327976987,0.212308830528
ENSG00000049130,4.11437805935,2.14673891237,2.56460672518,6.57657220254,4.44269601155,1.29021057596,5.165391327
ENSG00000186687,5.46605504633,1.56203230371,5.45677930074,0.712901330673,0.289837067745,0.72884964025,5.4067908457
ENSG00000077514,0.64941677423,0.879494344769,0.328345445607,1.98476887192,0.076047904245,0.41124010059,0.67533304471
ENSG00000119471,9.19465098385,12.381034734,11.1164107745,4.64165717011,6.69248203885,21.0637031294,3.1234937837
ENSG00000116212,0.286893264699,1.14087204506,0.319468260663,3.67345268767,0.143919692565,0.661045595745,0.450823521115
ENSG00000116218,0.054042770426,0.0139692998896,0.0579572090022,0.0623497264261,0.0231952409475,0.165869622066,1.25572860576
ENSG00000130595,2.12608347949,1.94675648066,64.8104924036,0.150010753617,36.146879202,105.263234378,46.1603372841
ENSG00000176720,2.02071961447,5.8098764568,55.7273832434,1.32860615714,0.00866894727,7.66557385615,8.06815435335
ENSG00000137876,7.50012714158,12.1669875708,13.8370034761,6.29762537826,2.08850626475,24.9579537454,3.37697654245
ENSG00000107020,6.35836502066,1.78808439824,0.8643754371,12.3396466412,0.845195459545,1.58291147835,0.96549171817
ENSG00000129682,1.42520843708,1.06958479735,0.206441509734,0.594794317021,0.468443548745,0.266287684779,0.10151371544
ENSG00000129680,2.20601252709,3.37147983351,0.805624929394,1.20684967602,0.23082791492,4.3447696829,0.286321115785
ENSG00000160949,0.0651556633873,0.0573484920624,0.263848852724,0.132291587168,0.0210923311045,0.271005400562,0.03343892405
ENSG00000173557,0.0,0.045454884998,0.00666250660378,0.0112111931357,0.091074729512,0.0,0.0
ENSG00000185798,0.159162790936,0.623739025225,0.989154374683,2.94915881107,0.19898376214,0.678168901385,0.190608325805
ENSG00000121104,0.144815750779,0.932733124819,0.790350344145,1.15906045555,0.305225951475,0.619254985545,0.0144191603625
ENSG00000121101,0.126858559308,0.128340015047,0.222860268688,0.172856964447,0.095460409772,0.613435801125,0.42130167764
ENSG00000196700,0.342122836735,0.469252155542,0.406308175563,1.76324898355,0.24253062638,0.624670449235,0.07373692887
ENSG00000154328,2.14699169775,2.44391309843,2.05818788692,0.991337520687,0.0779295965915,0.664071393815,2.52637510505
ENSG00000154639,3.06258071324,0.0560342981205,6.05883002793,0.253454524142,2.59239538605,0.0030076353135,0.297038286795
ENSG00000197070,0.672952848135,1.31045635237,0.243577897292,0.500195075477,0.91128742835,0.19617579266,0.46206993376
ENSG00000231213,0.675207743457,0.0,0.137765440719,0.272277484241,0.00478019873395,0.0355954659284,0.0311664031251
ENSG00000175305,0.321596141245,2.08620016333,0.311017451082,1.26261095322,0.080914537135,0.52211764263,0.480599161905
ENSG00000130734,0.258866792633,0.938789389128,1.19950475027,1.02663969976,0.1670676358,0.21384607137,0.083355081655
ENSG00000120278,0.211311917322,2.21779341573,0.59517836458,0.91878484568,0.08456166259,0.40609079843,0.228438820915
ENSG00000120279,2.04420076074,1.16578176118,3.4829594357,4.23395061819,0.07652960774,5.93756096275,0.13336400677
ENSG00000173673,0.206500290321,0.0,0.0,0.0859921457156,0.009722375758,0.0,0.0860627601575
ENSG00000130045,0.057517724944,0.359471028258,0.0471454029018,0.0139875303785,0.121240573097,0.586525169583,0.155653921743
ENSG00000126822,0.181136085837,1.87278865901,3.63466418325,0.862399881864,0.06357830641,4.4883806555,0.540623961665
ENSG00000126821,1.41592698084,2.13366614438,0.633797856514,4.15143848155,0.146565185,0.32545970427,1.8241988958
ENSG00000127074,0.211519302843,0.360961269958,0.0589668257759,0.400042529129,0.142151688859,0.0,1.57767884711
ENSG00000145936,6.54181217525,0.160950460604,0.166131224816,0.270081819066,0.019197378417,0.066911594859,1.43750736617
ENSG00000185246,3.86790504478,2.77172652182,7.57396851267,8.06844985131,1.52968675805,6.06439037785,0.9507683012
ENSG00000145423,0.526339871544,2.01189156456,0.396753321046,1.92626221135,3.1406137368,0.653764905525,0.0571088296835
ENSG00000090520,0.510280669852,3.44978094029,2.31561234287,3.04650517698,0.41643092025,1.3353090406,0.794423969355
ENSG00000186994,1.82163538541,1.38222550403,1.74156954487,1.08549844848,0.151574484255,3.88321753903,0.112058536035
ENSG00000203805,0.0363546532571,0.0177845234403,0.514871324375,0.0409793584469,0.003732768879,0.0491624557534,0.33889058704
ENSG00000089692,0.0688724802726,0.0442056423369,0.0407853516644,0.111861191991,0.104262478114,0.0419777619908,0.158760385165
ENSG00000089693,9.45141425779,0.757115201333,2.45334398297,5.71463046816,4.89365735795,0.813522453125,1.7494328232
ENSG00000110917,15.9639977218,6.6529563951,8.61279375107,2.82033228317,0.5463291794,5.36199501805,7.1652097696
ENSG00000072121,0.443180873293,1.12790361552,0.591140057707,4.83154426279,0.148242314805,0.53279123265,0.065544908955
ENSG00000196932,0.186209799977,0.217094904335,0.128898409204,0.0478117461406,0.129396484055,0.000509336139,0.108325649668
ENSG00000197614,7.28623453873,61.0944896594,50.5020438051,19.5878270866,6.1039200614,22.7243685305,21.991142124
ENSG00000079112,0.0479965347162,0.0654289072013,0.241884858203,1.31765843427,0.029632538118,0.0,0.0568214332755
ENSG00000121594,0.209359747266,0.201836464988,0.254130553402,2.88078704657,0.32670810373,0.219171122485,7.3299636051
ENSG00000180964,51.8282441576,5.19202005125,13.9216659811,16.5522883634,5.37993561345,1.6078801273,47.0829005415
ENSG00000185305,1.82016696014,4.24450906829,2.52992745523,5.56667443842,0.6117530693,3.33806452505,1.67340757061
ENSG00000113790,2.1497425309,2.65161118291,3.8125137483,5.7770855117,0.21675978152,0.54390690633,0.255006955735
ENSG00000185306,0.205928080619,0.0150513080636,0.262160708924,0.0893925370205,0.12985955972,0.383781374116,0.755394484271
ENSG00000117036,2.17246872943,1.18096245905,0.533179013495,5.19323984569,0.44725687707,0.24782864057,0.26156113713
ENSG00000158985,10.9635283805,2.5574153701,3.64167359507,4.86726346005,1.02347478785,25.7128519107,0.191586049435
ENSG00000113068,50.8613687689,1.80338331332,4.03985717086,4.2434397177,1.18559025,1.2256683304,2.0942795844
ENSG00000160256,0.652608947922,2.2056953406,0.399429111282,1.95869685626,0.74166019941,2.8070850854,0.774628278205
ENSG00000007968,0.0342880690407,0.156829290911,0.146603739286,0.0756718425593,0.048911478134,0.0490260135136,0.72674873206
ENSG00000072694,1.80635432863,4.29587557704,9.17073206021,8.52908508217,3.0333202948,8.5574168115,0.881505458425
ENSG00000158458,0.0313116596217,0.619060698904,0.0546343966079,0.249586007269,0.0454189964705,0.0,0.0125645432122
ENSG00000151665,5.22214572927,1.04261812854,1.00108933665,0.457248290482,0.420211420205,0.372960153165,0.45790590125
ENSG00000188352,0.619444653985,5.29445046333,1.07749714508,1.20908109062,0.018670269605,0.682550696215,0.35984733814
ENSG00000269858,1.70225145914,5.33539896322,4.52881145264,2.61897334035,0.285411781935,2.98816462124,1.7267287443
ENSG00000184811,41.8743134348,7.20431862659,171.945508347,65.9900558549,4.2101531926,0.00276325324785,5.67554384635
ENSG00000134321,5.50825525759,2.10943864232,0.387580890122,3.52794025014,0.054007297885,0.89929457255,0.008011553935
ENSG00000178149,0.139789811518,0.426034533409,0.887141149471,0.970496489027,0.071984852805,1.09344651236,0.60555138042
ENSG00000134452,0.696392534934,3.05967311006,0.740840236211,1.63844753402,0.1812809583,0.0623409537,0.29093435831
ENSG00000143493,0.298619936129,1.84917919194,0.0407638559891,1.40405783437,0.01470366377,0.67446825279,0.145754013085
ENSG00000171159,17.5600048282,4.57170267957,2803.99849802,1.02524069174,2.06735349485,101.061840408,22.4798505867
ENSG00000143147,0.215739290986,0.789618293163,0.29000032541,0.173301060769,0.0158169386255,0.495858962472,0.189251512099
ENSG00000143149,7.00208303293,6.13413278843,6.00281588344,51.7699812096,0.8941878338,4.37024136592,11.0082305386
ENSG00000134748,1.88753773876,1.39194453511,0.538684631424,1.25620772114,0.1249873473,1.1466645768,1.9004196419
ENSG00000018610,1.49987958618,1.81041667463,0.671193178334,0.832069807726,0.8953409232,2.06368845647,0.46434043319
ENSG00000143498,0.160465182601,0.582818576426,0.144769730639,2.65055603596,0.48602618714,0.579254256935,0.172236339235
ENSG00000176438,3.38724312659,5.28314128931,5.7318029814,5.41096541776,0.15271252851,1.10985663113,3.68929408974
ENSG00000176435,4.32638789999,1.10545563949,2.98014761324,5.40009813095,0.07067104906,4.29435689331,1.1186726677
ENSG00000123992,0.483314239563,3.02336595278,1.29557223402,1.61233523471,0.43211509825,0.565716051905,0.73172009885
ENSG00000136003,6.82171846117,18.3629528813,7.76949824031,16.5697400548,3.33868932565,47.8235390635,9.8669590707
ENSG00000184302,0.0288107466762,0.00310142189157,0.00938557132743,0.0418207806771,0.0196779457245,0.0,0.000426529405
ENSG00000204410,0.136876841529,1.06751954948,0.210259031422,0.925938517478,0.029174700124,0.00972220430185,0.0594129271525
ENSG00000184307,0.429102603444,0.224658392562,0.0661500924617,0.324290925894,0.034212929734,0.591371285418,0.08463353568
ENSG00000184305,0.995352079933,0.632383986287,0.98154108687,3.48840426165,0.936748841205,1.09744286952,4.1110814242
ENSG00000168077,1.27951992594,1.22948441333,4.87473292441,1.81890182989,0.460917144935,3.8472200495,3.63640445016
ENSG00000143727,9.12258703835,7.97488545777,38.078437634,5.77280775585,1.3208700128,3.1266888538,1.92193868735
ENSG00000168070,0.122318057758,0.0132272493972,0.93078223796,0.0,0.0064784207923,0.0022162524785,0.0933024268425
ENSG00000076826,0.0401861178131,0.103127601315,0.00730087493183,0.348586413077,0.411773013225,0.0094591036297,0.0855154025785
ENSG00000166135,0.983470070038,2.25026937349,0.511073220228,1.33601557185,0.14425401631,2.701669661,0.37155709315
ENSG00000189306,0.560184402032,1.65733593409,0.126643428157,0.81426626747,0.28793802204,3.34532713508,0.60867699929
ENSG00000189308,0.396618148546,0.892946356873,0.321199384078,2.67937922184,0.21921751808,0.745259763175,0.408491381365
ENSG00000111790,1.77857918627,1.49739778449,1.95053112994,4.32931082223,1.2385931048,13.7607856129,0.10687477545
ENSG00000185873,0.0164655825062,0.299809608572,0.0148981628436,0.0,0.0022338789175,0.0,0.0
ENSG00000185875,0.714190868252,0.250643445634,0.970745545679,0.811794443499,0.036012267355,1.10414045862,0.98235015305
ENSG00000115935,0.404604102098,4.64108280427,0.835876927263,3.2064133595,1.19448947483,0.99666294202,7.1486781556
ENSG00000178538,0.191451747903,0.373643096115,0.0657677352192,0.164484862976,4.37224847855,0.38663461635,0.0241476897665
ENSG00000178537,5.73292167208,2.77421874262,2.0612873766,9.43127461664,1.26880524995,8.2740589367,2.6193781148
ENSG00000178531,0.436436110344,0.0727604794506,0.191522027961,0.0959168045017,0.268301509095,0.461779045988,0.741602322915
ENSG00000163938,0.79251915751,15.6744904646,2.95783140406,6.47885736911,0.0512604445,1.06727364735,0.48167379525
ENSG00000163939,0.803557446982,5.16432632146,1.59190710466,3.3144116256,0.0412399659,3.7063131731,0.55037542855
ENSG00000163933,1.26518748798,0.34104235525,1.363202168,0.616364974636,0.058733281525,0.544868169395,0.25407912445
ENSG00000168256,1.71602818452,0.563366100369,0.318386565633,1.00883569674,0.3590991461,1.91617666948,0.622017579185
ENSG00000105835,3.20807086418,47.6308811886,6.51518044936,33.6446919669,0.90780093535,4.9773527353,8.15462776715
ENSG00000105520,0.0119107769855,0.943532526279,0.0307732409553,0.251810401683,0.0228493463125,0.0254707996421,0.002303156602
ENSG00000105523,0.0136167401768,0.0971668007836,0.0168094318214,0.123425715039,0.488861882037,0.0150975685583,0.00587390294325
ENSG00000109805,0.150584850891,0.947007508326,0.997893074669,0.422476814352,0.228063633875,0.013858834129,0.128222758335
ENSG00000108176,2.10061796743,0.197853873665,3.36768956291,0.546987475261,0.222383655295,2.00055498336,0.039592027486
ENSG00000136295,0.388722946778,2.72254229063,1.13439078325,1.36931967884,0.14639788135,1.09489897614,0.259778059525
ENSG00000215474,0.00599868736131,0.0196867940743,0.0136711893532,0.0113468877809,0.02508971211,0.0,0.00246199532525
ENSG00000119669,1.06900918872,1.44118299927,0.696443411926,2.9785597386,0.14650313446,3.78451093683,0.42533341605
ENSG00000119661,4.59833629846,2.36478865302,0.329374900323,4.0453034507,0.35607918716,5.37292698145,2.23438548745
ENSG00000015475,2.16882223951,3.24662691587,1.84009806857,14.8857070561,0.681538582365,0.21573760691,0.415483084205
ENSG00000240694,0.127124978827,0.20766706475,0.086494559105,0.00513323935592,0.18860058046,0.0555816564349,0.0
ENSG00000237651,0.0,3.01903196437,0.0282436656759,0.0335773202304,0.0,0.0,0.0
ENSG00000266524,0.0587914677594,0.349419528284,0.0638503002786,0.169315200926,0.419365768905,0.0035970566382,0.277074557183
ENSG00000141428,1.53679287201,2.18634644205,0.0952804702858,9.99466159845,0.69615216585,0.39720540122,0.29142749067
ENSG00000183092,0.0230625071094,0.124256995799,0.0396002569987,0.0261335489181,0.0125442276445,0.0143749515911,0.117840609778
ENSG00000205838,0.0488336902992,0.157191466125,0.0469937707932,0.264148808491,0.0165113171465,0.74071277223,0.0048438174155
ENSG00000071575,1.11025658793,1.05761878666,0.754859211323,1.16101312751,0.46821327693,0.741001863415,1.0678791841
ENSG00000141424,0.611137623848,1.63199630339,0.949862095885,1.76906030526,0.622062155845,0.2983216285,0.00758138692
ENSG00000141425,0.491701786494,1.90901203768,1.55425208332,2.19274336048,1.09744034835,1.5001365567,0.94223005335
ENSG00000162739,0.0574687103892,0.218253227413,0.210260126092,0.804132491038,1.34636947733,0.419424522199,0.042922238349
ENSG00000147649,6.88057372443,7.59813833353,1.6466563093,4.07303055891,0.33764885655,3.02335843455,2.9038197315
ENSG00000147138,0.0823610164131,0.141220218287,0.029908027052,0.171209602734,1.04924285137,0.0260643991314,0.103819479369
ENSG00000105784,0.383211784188,0.423349495866,0.4508708919,1.84475011939,0.027197318945,0.012338626964,0.384251595595
ENSG00000123609,1.79403868068,0.957680990106,3.40595234346,1.70705084497,0.52149211285,5.9192567787,1.19355676705
ENSG00000162885,0.318834175343,0.59658615688,1.56938525759,0.951571627766,0.56687817544,3.18527448675,0.8593470841
ENSG00000187658,0.438564673432,0.0,0.0819990822922,0.418713823646,0.0404221844215,0.074576805388,0.1734732907
ENSG00000162736,0.33048558966,3.29556983088,2.23800804522,6.03784161498,1.735014839,6.07298170545,0.492930369
ENSG00000162882,0.458635304835,0.469272898429,0.652722775819,0.935667941334,0.0089691731744,0.084573391265,0.0434136612314
ENSG00000132004,0.0935475915659,0.279057423941,0.569067723957,0.418752085468,0.050730648504,1.64450700062,0.09931328682
ENSG00000165702,0.0209432098177,0.0508448816494,0.0146201187893,0.0732934143792,0.115562628151,0.0116935269425,0.0225856431357
ENSG00000149201,0.0252240604997,0.140118413696,0.0206838864339,1.40150282476,0.0936623625835,0.46298997952,0.0560401112285
ENSG00000169856,0.00427877476904,0.0904037590125,0.0293038340045,0.16971196438,0.013110482044,0.0250200290014,0.0
ENSG00000115966,0.688483836629,5.11504495164,2.52214952229,3.66874420744,1.05739076855,4.46687420405,0.0199013309
ENSG00000167969,0.68806213619,3.66975826093,4.94895557196,18.864802053,1.95839795965,35.9347620158,2.6656758949
ENSG00000167968,0.10560914847,0.0417652508726,0.0598448545683,0.35509713023,0.254620939092,0.10566813975,0.098655073791
ENSG00000115963,2.73609852793,27.7244212119,1.21577568176,11.8949285034,0.0985136346,6.58346163945,2.12673404785
ENSG00000101200,0.152261496284,0.0963281175032,0.0157784312181,0.0367383353594,0.0272175102693,0.0434497075964,0.0158839093189
ENSG00000167964,0.0998069828773,0.0409513832466,0.141724986514,0.565559664342,0.042349617489,0.136505125201,0.44733678666
ENSG00000167967,0.0938165507153,1.06476798258,0.909647774686,0.301946182129,0.01962800049,1.28137855757,0.008560756425
ENSG00000183323,0.657888694605,0.801026981626,1.53027183566,1.28407404565,0.11135390382,0.813200351825,3.357137574
ENSG00000141391,1.00955931469,1.59793511603,0.409657102412,0.187707933928,0.277274112026,0.63100010047,1.81278744373
ENSG00000113838,0.300748122787,0.787432439244,0.255344832877,1.20620294962,0.18639625895,0.125715339875,0.05338378894
ENSG00000179950,1.78436975581,8.48086254924,6.74532673812,1.11410301642,1.9762276645,3.54898939486,2.1480924602
ENSG00000109771,0.0330070222377,0.133785629079,0.0325510677356,1.04159436783,0.005636954226,0.0858256309725,1.50868473587
ENSG00000180353,1.29385172882,8.29032042109,2.71808582611,3.60475456693,1.05607319481,0.176836848935,3.8967680525
ENSG00000029639,0.570953890146,1.26034522972,1.1115005362,0.767174049366,0.182347505735,1.73286870885,0.592272676845
ENSG00000257218,2.17359825223,0.905586363944,13.3511827815,1.06978873197,0.47941061425,2.03197603045,1.4614060583
ENSG00000165832,1.55073545919,1.79860463091,0.812690220487,1.31297062452,0.1551122233,0.668736157845,0.140901147775
ENSG00000080819,0.436854572869,0.947314823574,1.58276091761,3.74056817681,0.252061047875,0.08417455157,0.11011726639
ENSG00000099364,0.231210300822,0.265580908357,0.189625702373,0.725547319229,0.340646907315,0.62195496904,0.32739054775
ENSG00000125835,3.80655659487,15.4746822783,8.22518731113,6.72961305137,1.5424330299,4.35776642965,0.385361196375
ENSG00000125834,0.464917661459,0.643896564669,0.140854202377,0.417737909355,0.099153151855,0.229783114463,0.49462055118
ENSG00000125831,0.0661318283308,0.0,0.0920747561376,0.0,0.0986956791,0.0,0.0
ENSG00000138386,1.94641239112,6.80055610364,4.52860800721,14.3417486046,0.3100768189,2.1548285151,1.03256538535
ENSG00000138380,0.0649121024852,0.756230535697,0.677507789001,1.73373877404,0.50331157901,2.02998676743,2.59138786364
ENSG00000138382,19.7095931705,5.92162370244,0.873344365339,8.55795254658,0.53393808295,0.916867022165,0.5873796926
ENSG00000014257,0.0350559265634,0.150667654705,0.527917826291,0.87737486651,0.80782839667,0.01228383988,0.094406044252
ENSG00000205336,1.78193862136,4.6521479502,0.228029898104,3.03709587879,1.95721010265,7.85248294011,0.702370162115
ENSG00000070731,1.42826661915,0.92391736423,0.377135526214,5.61283706953,5.62314608305,0.01452609675,0.022455190236
ENSG00000152583,20.1096572312,140.029617179,36.7089431743,22.0648387161,0.8869864762,1.34825415945,3.06021078145
ENSG00000152582,0.209434157296,0.601292350162,0.420586619225,0.440454228071,0.156340095978,0.083430945567,0.0007378079845
ENSG00000153989,1.15496191931,1.41220624055,0.790769711263,4.18189324664,0.0208123927,3.5489546868,1.40737528582
ENSG00000119888,0.1026675718,0.0761159056176,1.09611746305,0.792329864041,6.6545645782,0.841853160375,0.107332888401
ENSG00000137656,0.56976300816,1.28247809617,0.432429929979,1.13309451139,0.229633087595,0.768528228275,0.446460026455
ENSG00000028203,3.02799746454,5.20076139555,1.74147063753,8.09818426115,0.0627619245,2.95648584776,0.98639404625
ENSG00000189091,0.146180862528,1.75478288981,0.964246393574,3.26021864032,0.3151217611,3.33313435615,0.4151392667
ENSG00000060749,0.595760663764,2.13002105227,1.33250508975,6.28871754184,0.01946021921,3.83976876031,0.58715939732
ENSG00000198853,0.390222910882,0.934134686775,0.588080992537,3.06699688818,0.1463846366,0.209079794365,1.24725426944
ENSG00000198851,0.0965053450597,0.403297936307,0.053719640011,0.213386794582,2.23253371899,0.0436442855395,0.59169482896
ENSG00000100554,15.8680461741,7.10366278868,2.55664968846,1.48525033641,5.17245283785,3.043840687,6.54308904195
ENSG00000198856,20.0550940771,4.91701742412,2.36549670421,7.24931829967,4.4845547626,1.6803104411,1.4062631474
ENSG00000198855,0.35539417693,0.666195265439,0.296307002464,0.343916619293,0.057393036225,0.577203157115,0.06065448641
ENSG00000198854,0.179332395567,0.0,0.0117355081853,0.0876672403639,0.128541800277,0.0,0.0
ENSG00000008118,0.0628835128333,0.0287997992985,0.113301595457,0.190436243949,0.0226853619724,0.00874656088025,0.022640187227
ENSG00000182050,0.100753709276,0.0995745840016,0.0809977767561,0.120803777592,0.0164992169155,0.134780292643,0.0281081697952
ENSG00000100558,0.0923105009446,0.103983628121,0.306239718377,0.153324693483,0.27937398491,0.090640267561,0.137357969214
ENSG00000130921,1.00401093917,0.352845746824,0.147443562638,0.613323775555,0.826902348245,5.35734746413,0.132781017492
ENSG00000157538,0.568095418332,2.21426432939,0.406383899965,0.734949326432,0.28296769129,2.3282326282,0.245210418785
ENSG00000143643,0.990111662253,1.40848119838,0.46859779998,1.76075823129,0.54925039468,0.52122536834,1.3184248269
ENSG00000122643,0.66603418492,3.99188674883,1.93286988166,3.91195138555,0.473332417795,4.9593749187,0.72756501538
ENSG00000122641,0.520590303129,0.301860893582,0.384623813629,0.306233990682,0.142885382221,0.0644529325775,0.392680537247
ENSG00000173113,1.4516375202,10.2191190021,27.6733530981,12.4022835389,3.5022106696,15.854703086,3.0595813389
ENSG00000122644,4.16724664473,6.30007744775,11.6145638856,7.01152517115,2.1749373745,1.00451569575,3.43781137265
ENSG00000125347,5.69702671549,5.5290864151,0.449341993316,1.84242027275,0.7218739211,15.7099411257,1.58930222592
ENSG00000170142,0.700939090664,7.04419630432,1.97121410479,4.70576736564,3.107342112,0.57623793879,2.58555842265
ENSG00000164615,1.61930722001,3.35273500076,0.414716822265,0.746963981889,0.38822156448,1.10275113922,0.881465805925
ENSG00000197982,55.34342362,3.18907999543,22.4266161107,3.8365498306,0.181096024495,15.3922390201,2.70023909846
ENSG00000164610,15.1582595334,1.09617932672,2.88059818754,11.1673566365,0.17244875321,1.89335293304,0.56677558681
ENSG00000198931,8.8955298177,9.89581232344,4.62799659296,1.28991252624,1.76994135305,43.463641104,0.2559282261
ENSG00000140506,0.00462296512995,0.00768539781995,0.0696911376821,0.0595644141005,0.02207352953,0.0,0.0300929133675
ENSG00000198937,72.0860205469,1.9107936938,0.173177249566,0.372174861674,0.599800160214,1.45441401629,0.83984539212
ENSG00000171812,0.531001411409,0.207796301465,0.877694142554,0.130601012273,0.447027689935,0.209413639546,10.2208420066
ENSG00000168811,0.0468746239351,0.0760684752875,0.0696283844043,0.0767231829559,0.115922501891,0.0233993723615,0.015042205199
ENSG00000120647,0.488269041629,1.25869331565,0.456332477318,0.570688401655,0.5016102895,0.239292887238,0.156091493165
ENSG00000168813,0.773804913518,1.08708577499,0.666486853855,2.32408393808,0.11300019615,2.27162012507,0.41221543548
ENSG00000168818,1.05872731972,1.92642592458,1.17897685447,1.55623358017,0.46017566962,0.399476067005,0.63732631749
ENSG00000171819,0.223125850128,0.99537835588,1.24344147896,0.391475895993,0.031994905175,0.2464582507,0.368958724215
ENSG00000197448,3.16736706188,4.45175133854,2.08444327014,0.97290327124,0.937251973585,3.17553900805,1.07378785755
ENSG00000117625,0.613179305004,4.519894464,0.976065107337,3.31379673437,0.29278730553,1.40886329865,0.06740027471
ENSG00000117620,3.09906778806,2.35313073206,0.978738457179,3.30135066128,0.239928883535,1.71660764143,0.45936862822
ENSG00000125691,874.769187495,186.774248652,208.88359443,63.9108087074,13.150580169,94.840267795,253.53306611
ENSG00000110074,0.534231645993,0.729344147566,0.496267334108,0.921983167155,0.310030812905,1.78783588053,1.81742299508
ENSG00000134352,10.1638343424,47.8784238696,7.08761898891,51.6620523695,4.0190210765,26.5421855713,17.1279926049
ENSG00000143553,26.2499690131,1.92975613874,6.98226565747,0.680616391484,2.1572754514,0.97836973075,1.39057208306
ENSG00000269190,0.480073426861,1.89199447144,0.0980863333662,0.722129178297,0.0293882261698,1.5492656395,0.469324824305
ENSG00000182447,0.00796826233187,0.0,0.0116609881861,0.0107532005653,0.0134144239404,0.0,0.0
ENSG00000182446,2.62112105165,5.09849329788,2.34442234175,0.877606495707,0.455040005645,2.64501474653,0.4349801317
ENSG00000116539,0.917937790082,3.50283884949,2.20476934603,6.93777645117,1.1224231983,2.46281643276,0.31329088683
ENSG00000049245,0.867723568714,6.11614353718,0.787607723995,28.3805719695,0.3984309139,22.9324610155,1.669344185
ENSG00000139163,2.12486047364,1.76695457968,1.68975778852,9.04333407184,1.19544677784,0.7835527755,0.49373419745
ENSG00000139160,0.727142109418,0.588426766327,0.730008899094,0.740412891477,0.6323914003,0.38709449464,0.373168482815
ENSG00000156990,0.896878738864,0.77176453561,0.26153232405,1.13918835863,0.091453687945,0.90834220065,0.30480881183
ENSG00000161395,0.111205753519,0.402413741126,0.236296614544,0.368232009844,0.30063172473,0.430396114402,0.38304358033
ENSG00000049249,0.0683414735064,0.0359703142024,0.0633522452574,0.217048326221,0.110079959415,0.010590848406,0.23318890794
ENSG00000139330,10.8295589897,0.0157913353863,3.35828553552,10.4038171541,0.0629071684735,0.765541932525,0.0925489450082
ENSG00000107521,0.0445104871101,1.8246006643,1.12701112665,0.872863032297,10.9799428835,2.22782652947,0.136923119675
ENSG00000099901,1.24065895462,3.62761763154,0.690511130818,4.95159428053,4.47838555375,0.73761820989,6.39852765755
ENSG00000053254,0.658128434577,19.3708571355,0.789002208503,5.15900237744,0.6703736068,3.45815626855,2.13296091703
ENSG00000156587,8.65429358914,2.01940843553,2.30645700725,1.36386249449,1.15493957221,9.674596112,0.9748251079
ENSG00000102158,6.07384281003,3.5546387564,0.905624899573,22.0612872455,1.7246117409,1.14706427855,3.90467665315
ENSG00000106128,0.00699609679608,0.577554377289,0.0136924922079,0.0443512960788,0.220394951859,0.0,0.0
ENSG00000204889,0.0478669653011,0.0043442308826,0.0,0.159544280064,0.053614439742,0.0,0.0281894108964
ENSG00000155970,3.99565644135,4.01828646915,0.633143527261,3.86178910053,0.069318178005,2.6046742108,0.47818050847
ENSG00000155975,0.355755975419,2.68140509413,1.9195351626,5.90488272247,1.127397764,2.75874017827,0.24477267135
ENSG00000170265,0.31495756379,1.89816387717,0.592104511034,1.11361816119,0.37858894579,0.83907190285,0.076990946725
ENSG00000144857,0.273750244571,2.53810371475,1.37384028879,1.93187505159,0.28162416615,1.11967073404,0.775254861345
ENSG00000065911,0.690531789,47.2946619511,0.507886226947,1.46733762094,0.149468423545,1.28188353711,0.31716548254
ENSG00000177917,2.15322373839,2.3997185251,0.656711928461,4.84045315035,0.01513858705,0.82722322875,0.719883925105
ENSG00000018408,14.1687432464,5.7274384108,1.55213180625,14.7895763191,1.86837510225,1.3915603709,4.3635517399
ENSG00000167397,26.246816993,1.83117061621,7.84221576401,0.471326292845,1.09551482705,4.0389227744,3.27139172175
ENSG00000198208,0.175765866208,1.39191453797,0.0303220674665,0.23968295648,0.092996154666,0.0228555244876,0.0176091880455
ENSG00000092978,1.94460158846,1.71470397547,0.315578908695,1.59538790463,0.57048270275,1.93137174896,0.457301437345
ENSG00000111305,0.0532199795821,0.0605138942857,0.00597890648215,0.106204553956,0.0182552749454,0.36159944432,1.05630284617
ENSG00000111300,0.697510475771,1.53875377266,1.86296657964,3.198159105,0.030614301345,4.20267815475,0.268019035955
ENSG00000139572,0.0195809993074,0.180088224912,0.0143774307913,0.0515959026099,0.00516005423265,0.0140047667766,0.0204881947456
ENSG00000079257,2.79642151289,0.572072309718,0.574765152385,6.3627655349,2.64547565015,3.33938509145,4.19415509525
ENSG00000139579,0.761517207085,0.86147064836,4.56785352074,1.66949250503,3.36128094225,1.83119367645,4.86339160566
ENSG00000131381,0.246134814594,1.30813923127,1.45220485579,1.71278896512,0.053827537705,1.79364435336,0.028801770995
ENSG00000131386,2.51940732125,35.3918506141,5.82717770755,25.0687124291,1.82510968655,12.7723175948,14.1006681839
ENSG00000135404,31.9381028454,75.2736471203,18.6251362042,76.0087384057,5.4782311571,212.819448103,67.017184205
ENSG00000135409,0.0491101016062,0.0439371513446,0.121327933656,0.207557831413,0.006989643843,0.273215494886,0.118838163195
ENSG00000169064,0.0,0.0471074521386,0.0227662602276,0.0677497202994,0.212839587148,0.0262310743748,0.00632740881695
ENSG00000169062,0.0721446853875,3.56627234533,1.1152703748,0.50850751158,0.55037972688,1.3848192792,0.105875947185
ENSG00000163631,3.08054151542,40.9567680861,2.16945100707,116.238864322,8.95226184825,3.1323083255,0.05871059918
ENSG00000163630,0.0,0.530892626985,0.0671128245422,0.383623770779,0.319815117044,0.0,0.0004481545327
ENSG00000183150,0.0077152082754,0.0670048336239,0.0606534388506,0.0626589874783,0.12974814662,0.206332995401,0.0994200537244
ENSG00000163632,0.0205212676396,0.0,0.0,0.0994155371091,0.0977671555675,0.690103561465,3.01749424251
ENSG00000163635,0.531973290364,4.21281637324,0.387278262734,2.44786996605,0.22023382605,0.745819027935,0.790541621235
ENSG00000163634,8.11091554747,7.20166949604,1.27091620806,13.4520721929,1.33088400715,9.31603997715,5.6196593867
ENSG00000189171,160.485052889,25.9172360503,29.4871077661,25.8986902213,1.12417707012,0.0288600008,15.4746362351
ENSG00000177981,0.173036785444,1.29424746519,0.42013947966,1.11947488578,1.42630591295,6.61503608055,0.89235671952
ENSG00000167578,1.55789286302,1.04711137547,2.31978476893,1.5990460616,0.10249071259,1.4023357692,0.601324299545
ENSG00000109163,0.0834288697625,0.0,0.0,0.445149197621,0.040044562216,0.0,0.605830543725
ENSG00000095485,0.631422793414,1.38746118859,0.293838239031,1.72061395417,0.562091629965,1.00121561985,1.3792685444
ENSG00000075131,1.62270011627,0.291290638774,0.432106127036,0.731684798919,1.2522764923,0.93421448521,0.300243570505
ENSG00000138778,0.14783560087,0.641570646675,0.604445092901,0.451037976868,0.008503047765,0.468777254209,0.141758634421
ENSG00000118454,1.63356813907,1.58626385586,2.31537491089,2.09854083214,0.5585579994,1.6652089521,0.00737844105
ENSG00000107872,0.659733329589,0.43267165986,1.37421819497,0.557021528756,0.028805195957,1.96589070726,0.169822542685
ENSG00000152611,0.0,0.0191483439535,0.0258411348035,0.439674797426,0.06285637814,0.028132849702,0.12148753762
ENSG00000036549,1.05614609032,3.27153240445,5.74502781976,2.88967195842,0.4230730117,4.80682688945,0.5428168811
ENSG00000156050,0.434581322069,0.155862318867,0.167063769273,0.796614612306,0.070267039543,0.01945337356,0.0726296939895
ENSG00000095739,0.341112868655,0.651853132421,0.570236147058,1.25181791919,0.062672745658,4.29751065917,0.238950109232
ENSG00000092108,1.08181993909,9.29378015195,1.1185577184,5.1380946932,0.0856101783,5.9732706883,2.65068750685
ENSG00000131966,9.93298642056,5.94218924038,0.656552142369,14.7686107208,0.6435233366,0.99954294345,0.124150850405
ENSG00000070501,2.63526468065,1.56154839552,0.134593943155,4.54987625721,0.45704623435,1.91361297942,2.40434028634
ENSG00000100802,0.0709332018102,0.779236331581,0.482914772122,0.123881986747,0.108726961735,1.37986895005,0.077733521595
ENSG00000146729,1.54311543105,4.24304918899,12.2192397975,9.0570808567,3.67156711585,6.90817356785,3.52510958135
ENSG00000078070,2.84857368159,6.18644949714,3.53959862567,12.2911349419,0.222060545455,2.7537449042,3.87691357485
ENSG00000152779,0.0854606080816,0.0680549198651,0.370237682652,0.384757815791,0.249176158568,0.0790862319576,0.681553486265
ENSG00000243943,0.672135686495,1.56594189586,0.546504526046,1.53858660064,0.011390125515,0.16268427475,0.128080238695
ENSG00000184517,0.154347463021,1.43003371227,0.810354317026,0.782232951916,0.438171531105,0.993178076875,0.115579412865
ENSG00000178498,0.513625428103,0.629783015867,0.434083496824,1.1790644711,0.46456438073,0.48006643943,0.37307559338
ENSG00000181744,1.45080963126,2.05401820313,0.816964155738,7.10714449287,0.25504296775,1.35661454025,2.27567118349
ENSG00000128789,1.0831055395,4.00432895789,1.24386496878,0.859252977973,0.59263747332,0.25086687065,2.42039641706
ENSG00000127863,0.148379137237,0.306343344979,0.6641994342,0.109302132585,0.802345803255,0.335678278013,0.228627586694
ENSG00000142864,12.4541197907,18.3811766602,5.10601780385,11.2107555164,5.7761201104,13.7711973565,0.8981685377
ENSG00000142867,2.37359552398,0.968229325578,1.46251919779,2.91288853196,0.18129807532,0.22386096789,0.382380813535
ENSG00000144476,3.71052166828,6.07445385491,13.5457641528,6.45653661807,0.6605421044,7.84218776011,24.2345722962
ENSG00000166111,0.166767902247,0.62374470416,0.00311496502505,0.039131005566,0.00314385511835,0.0,0.0127229764727
ENSG00000166118,0.246571479364,0.022266843173,0.0331688828589,0.0,0.159908666337,0.0287393127257,0.0
ENSG00000114790,0.875767705558,1.86435889585,0.53634196503,1.02859069313,0.070464292705,0.876672060535,0.153131303725
ENSG00000122122,0.172794622806,1.71638832587,0.881109002094,0.284597281782,2.17781314869,0.2239685515,0.0564922962465
ENSG00000186910,0.0347181800817,0.0,0.00880706973556,0.194493322705,0.116308094279,0.0,0.01521047901
ENSG00000173320,0.146485491532,0.817718320988,0.497952211142,1.19374382786,0.272060801865,0.7807816592,0.566438078505
ENSG00000122121,14.3098006085,0.572806021309,0.173117267816,0.224960948221,0.166473491825,0.0023389267702,0.53094533387
ENSG00000185414,6.87330686458,2.56246311335,0.310782338754,7.67698304073,0.22142120605,2.31574725285,2.46661293895
ENSG00000186918,0.330619253574,4.18151564362,0.953367601845,3.26673120138,0.684661059985,2.22015222846,0.55675133046
ENSG00000099341,5.28476873541,17.1654282732,5.49121073201,3.57895274742,2.66267130315,4.34751508285,6.45366011055
ENSG00000260456,0.153800540848,0.346668925604,1.76988012261,0.168548926951,0.0,0.75450715673,0.192729178502
ENSG00000023287,0.980120555781,6.79436139102,2.79190681107,7.37466378916,0.47528429615,13.3542568273,1.04918777205
ENSG00000112796,0.765320719912,0.230793154738,4.03063204506,0.211382484025,2.0542031294,0.37387616922,0.699055905735
ENSG00000141034,0.302490742457,0.591772353074,0.15885905821,0.735030312813,0.02833760925,1.1848506627,0.19652836963
ENSG00000172456,1.10253878902,2.31572828422,0.830979119577,1.80387050839,0.0265329937,0.45311819415,3.17508226475
ENSG00000172986,1.06463544588,0.852352113744,1.00703675584,3.23634469146,0.04932438034,0.056945233785,1.90027799454
ENSG00000172458,1.50315417124,0.282934233922,2.28900263463,2.24973658441,0.13037834145,1.59665632007,0.0898120995
ENSG00000112029,0.0579862368559,0.517842029808,0.38030208012,0.100831069816,0.748731157255,0.169073092385,0.0005026347655
ENSG00000130559,0.239752625862,3.4953734909,0.404454377673,0.731434077156,0.12233125937,0.41465262547,0.212077504935
ENSG00000108349,0.822723588801,3.59418181365,0.663865354662,2.38378244478,0.12298412819,0.44656930747,0.578096994135
ENSG00000108439,3.30467079194,0.759156096586,1.25365203684,2.1574406957,0.197168656015,2.18994119518,4.11848136636
ENSG00000108342,0.306620918,0.292648528427,0.0666104845202,0.14533999395,0.069395803104,0.0122448434371,0.0913823676445
ENSG00000108344,5.08803036818,2.77810756201,5.09590292415,7.39901598897,0.9087974444,5.08108234225,0.36963728329
ENSG00000108433,0.194174368253,2.73185184721,0.173558570374,1.20829427244,0.7581313256,1.37995171082,8.8259488707
ENSG00000151876,0.967572933611,2.86885328304,0.106731901649,1.0653251596,0.24993147066,0.73890381078,0.39499735725
ENSG00000080371,1.64903053401,6.24711578748,3.33451871937,9.41840482724,0.7959559398,1.44479824515,0.62613770232
ENSG00000145075,0.0217997816214,0.33221949763,0.242973496224,1.67197061809,0.087853277748,0.372539614388,0.317963837455
ENSG00000275700,0.942830458257,1.10922246992,2.40283910259,1.79226600198,0.0814979818,0.269914508775,0.15847461571
ENSG00000129521,1.31564720185,0.904569707429,7.62116666685,3.08476238257,0.00876077357,0.638001412685,0.65049821737
ENSG00000177000,1.35044331363,0.868457418018,0.152214557449,0.691603429646,0.09102978556,1.61396050894,0.091254289855
ENSG00000119414,2.73474781134,2.68893672744,1.55255057112,3.59276257752,0.2652906344,1.4588619749,1.2418312774
ENSG00000158042,7.91333611891,3.79876941932,2.99069021765,3.311131156,3.17626013385,1.14339475419,1.83199676619
ENSG00000100078,0.00258740604623,0.00339554130484,0.0,0.0642191893761,0.0226789094394,0.0121273235537,0.0198828346745
ENSG00000004142,6.60219281693,2.60004847422,7.29307247063,3.30073758403,6.9796100762,9.0566939754,3.31796048435
ENSG00000112242,0.116713156692,0.754527604532,0.284918086763,0.436967952679,0.441072941465,0.239656680901,0.027778308512
ENSG00000104442,1.33560771741,2.40586916787,0.344531861476,5.67466403309,0.375919931605,3.42317327905,1.06126315486
ENSG00000104447,1.37098442113,3.93688056967,0.559517316087,2.53300526642,1.44393523345,1.31966376916,0.53338891244
ENSG00000159648,0.00652637710235,0.0740831834333,0.0463237487346,0.0497387723072,0.137137210102,0.0156397784865,0.0739717575145
ENSG00000122786,16.0028366139,22.2478566988,9.74574050084,85.3154808765,3.60132210755,0.22680410625,19.7433756897
ENSG00000173585,0.332348534474,0.0,0.0417780672763,0.0778751643856,0.277515228903,0.119430066071,0.0
ENSG00000136718,1.89829274262,5.86473178253,1.08841220575,1.865327811,0.47249783843,1.61971127593,0.16948255747
ENSG00000122783,1.97463700684,2.20691249494,10.9022840492,0.923069919404,0.04656922582,2.25196871037,0.862981506395
ENSG00000100567,38.347618238,6.7931226091,5.70564594818,9.61876715505,2.32417532225,8.083667766,10.3760336732
ENSG00000136715,0.311682044365,1.03624126456,0.413049185594,3.10642705277,0.031413653135,0.39161393634,0.14557805397
ENSG00000136710,0.535423639772,1.00123161673,0.380057479074,1.08160347345,0.9462113484,10.7431804122,2.79083742945
ENSG00000100564,0.141642368372,2.32622830571,2.00475164216,2.41772141373,0.13399569347,0.500010900175,1.88298340258
ENSG00000173588,0.468113412024,2.86433449837,2.02873967823,1.18433314139,0.3727118806,2.29616493285,0.808081216615
ENSG00000059378,1.36128105562,3.32751124147,0.522401722229,0.742256414439,0.418635170645,0.497588050815,0.307009214775
ENSG00000101019,6.61794403194,3.02092115788,1.11972163098,0.873527420655,0.586200728605,1.2186658515,2.18246265159
ENSG00000165138,0.140949703394,0.682277587835,0.269388292966,0.303372923612,0.008910432794,0.05580304509,0.02681558722
ENSG00000101017,0.360902163051,1.3307235688,0.258752843301,0.205803933669,0.29794796215,0.702753243094,0.54010327492
ENSG00000154611,0.0984822144702,0.0647331825428,0.158077728998,0.169769777965,0.409251964675,1.06476451892,0.00077873662755
ENSG00000059377,0.438819319087,3.52639281989,1.59131375241,0.293959608461,0.041171092305,0.374724147159,0.185805107195
ENSG00000030304,0.012253584559,0.0567811711094,0.0609412030302,0.0400517289874,0.0199559351405,0.165777721189,0.505814144421
ENSG00000010361,0.174885445222,0.712086930692,0.458678293303,0.30103408367,0.53630999734,0.80210078684,0.0663488009
ENSG00000100150,0.115033769106,1.15667813315,0.238081201953,0.399292749371,0.09121801267,0.274172415,0.083916710115
ENSG00000164841,0.0271699240992,0.0417389676473,0.133115513241,0.205050936016,0.113585229729,0.234108399277,0.256549031329
ENSG00000197580,21.3690251543,0.540358751838,0.0228182975529,0.855089787485,0.61290221816,7.9420790578,0.59498143712
ENSG00000130717,0.296147380349,1.16013848762,3.2459157405,0.710723846323,1.0620438111,9.9949471334,0.600092332615
ENSG00000130714,0.604061314597,0.992857003831,0.278507342505,0.711796970071,1.94506519345,0.694891797335,0.539874477745
ENSG00000001460,0.128823827311,0.458201423587,0.0115406003573,0.0723987361618,0.0186674136059,0.0736201522265,0.00767841553645
ENSG00000171634,0.619710520638,7.34368737607,1.55560154584,6.92590166044,0.4469406372,1.51328034903,0.24403816342
ENSG00000197586,0.816996006806,3.25454347328,0.76713758277,0.218205354334,0.343181331485,0.019001422595,0.091203866195
ENSG00000197587,0.0147847208101,0.00429564546874,0.0123149901716,0.0385641064259,0.535485198845,0.0,0.0058334375818
ENSG00000186007,0.0,0.113329410884,0.024613040513,1.65706426337,0.159910659174,0.0,0.0
ENSG00000126804,2.18658205518,3.65731943283,2.97085409961,5.6259036294,0.263562397655,0.26581780714,0.9888187697
ENSG00000161609,0.0416983741022,0.184446605098,0.050573365445,0.0213204227952,0.089675020357,0.0456479336628,0.0138738696536
ENSG00000186001,2.04062930589,3.95421536232,1.21391245856,4.38028641991,1.61361700455,2.17152410368,1.19215564815
ENSG00000122870,0.280654482939,1.93367361891,1.81696160673,2.40387023883,0.34990701744,0.26719173717,0.24433685758
ENSG00000122873,29.5506671074,2.7130796227,78.6393901936,9.52820602717,1.6386896091,8.39871418885,9.72002300235
ENSG00000103942,0.499925938654,0.842809893518,0.857225686548,1.1264186937,0.04266368405,2.05089513069,0.767838349736
ENSG00000113269,6.44323784614,5.3304812706,2.81355879345,39.8593791028,10.7122862296,1.2862446496,0.85110481725
ENSG00000185261,0.247486039586,0.377261114926,0.40373396737,0.64035100877,0.069268686135,1.10844474426,0.018106755955
ENSG00000089195,0.0767391624633,0.750499586751,0.282810313165,1.33878151943,0.10449638481,0.33183778561,0.0709084451
ENSG00000185264,0.239151685905,0.0135163381055,0.0199865530686,3.8683070942,0.0950999745784,0.051904680946,0.0166907569526
ENSG00000196189,0.00808025696023,0.339536473743,0.261791550767,0.314030607241,1.4156105325,0.0807130350455,0.0697113271075
ENSG00000183631,0.0660048111398,0.0,0.0929124695176,0.0748198703558,1.8408725928,0.0345918030369,0.0553799627828
ENSG00000170802,1.84109578023,4.64291749833,0.769872176771,5.93962937669,0.76523129505,3.6588100724,0.26974933025
ENSG00000196182,1.37699001838,5.81216427215,3.03777866876,2.33642770655,0.30637871203,5.43092666775,0.88317910397
ENSG00000183638,0.00095857318895,0.0297794893167,0.012216505275,0.0381052061597,0.0200807093351,0.00362264336035,0.00559748410365
ENSG00000250305,0.219135945589,0.450892475295,3.77914968011,0.182094853189,0.187710772674,0.803692224025,0.0413815654294
ENSG00000142544,0.609731951595,0.482161836583,0.637188833384,0.610418822978,0.14562278009,0.030106023914,0.263029287123
ENSG00000082996,5.43875549143,15.320726528,1.84576814178,32.8761501065,0.52974561995,7.0785099902,10.3484052603
ENSG00000113048,0.455949014781,2.86470795762,3.22928719352,2.30641580159,0.638540984915,0.24522182802,1.03599791159
ENSG00000117016,1.06882600029,0.115201260232,0.520244792253,0.146339118847,0.017752005678,0.00258164309835,0.0784089492845
ENSG00000117543,2.19189210653,0.461121218074,1.04973910343,2.38688746501,0.235452344605,0.85319410405,0.660939573245
ENSG00000140299,7.69809570021,11.1834246163,2.47102122515,4.90976662945,1.8569495615,2.17806477095,6.66212242215
ENSG00000068400,0.231822610549,2.74696149451,0.866120790588,1.66410091341,0.098050459745,0.822684803325,0.252893220335
ENSG00000140297,0.0241551692236,0.017987145437,0.0064877638202,0.294481555158,0.0868599767617,0.0180271594941,0.0620900508595
ENSG00000164266,0.0,0.11382349386,0.0,0.0785062184666,0.10559758798,9.693884835,0.0
ENSG00000164265,0.426466267224,1.52431644025,0.560038325709,0.261567092997,0.097750430631,0.07842895448,0.0
ENSG00000100949,0.415413016339,0.802243793451,0.550160686318,0.227960588122,0.13861594259,0.625881435705,0.190495355495
ENSG00000104998,0.240964876601,0.760591908443,0.566593337299,0.373558403111,0.22518867222,0.32398510367,0.267926586645
ENSG00000120256,0.527768167438,3.95532203022,1.79348050964,1.07754938606,0.181379791515,0.0088270001345,0.788478627065
ENSG00000150510,0.0822032800991,0.426640057032,0.303462012721,0.437196405625,0.713523077145,0.693929416905,0.376094269431
ENSG00000100767,0.191825461716,0.985920752057,1.38603295164,1.49938027313,0.101517294695,0.083723214707,0.188236708338
ENSG00000104221,1.78443583196,0.72573864441,0.0951238711365,1.95255883655,1.45985026809,1.52423147055,1.28770587807
ENSG00000120253,1.30615058502,2.15879420197,0.296768134958,1.45116124536,0.268251027185,1.33646884465,1.19603991634
ENSG00000103415,0.265109915151,5.58192516116,2.66310587387,1.31281950476,0.0217971877,11.9997119546,0.47271756575
ENSG00000153789,0.539180880501,0.0326560249493,0.10033010007,0.0966538916575,0.0115338385615,0.004126369238,0.00769478740355
ENSG00000171016,0.224090809602,0.42949619357,2.6720451295,2.41411832896,0.03996216046,2.26611045202,0.315623054825
ENSG00000176635,0.017554651488,0.151658647378,0.128153544943,0.194532117582,0.085598828055,0.020481805229,0.0010443596295
ENSG00000174038,0.181054430984,0.700770296945,0.0315336596687,0.226529337352,0.0131647935727,0.0,0.78389974989
ENSG00000170775,0.0599685786309,0.085629248704,0.0381599604696,0.0399367672662,0.0097910966535,0.327276364401,0.0367346121136
ENSG00000170777,0.0,0.00426000744465,0.0187538259886,0.165213498212,0.0310221551761,0.0,0.0
ENSG00000156261,14.7674680647,5.27701833861,6.07127905965,34.4932144224,1.5296706533,2.8659140216,4.0382032313
ENSG00000106591,0.201886774046,3.3024056123,1.62418350378,3.53112738526,7.45590296535,2.12716608515,0.187198099925
ENSG00000203685,7.5569477911,7.2586583429,0.700461568166,5.5185059368,0.179360503992,0.427004607131,0.290794334705
ENSG00000156265,0.874595202928,0.927912971551,0.273869153448,0.212811912856,0.187812466795,0.741259787695,0.771079894476
ENSG00000198056,0.869486939812,0.454008516874,0.682636404359,1.11549783224,0.00813439065,0.377176046905,0.31022452967
ENSG00000128203,0.122869893737,0.0554043315113,0.105509813289,0.144577996457,0.0020242631208,0.0795484953595,0.143190733836
ENSG00000171174,0.875245091886,0.11057799009,2.4325710995,0.828965798769,0.472708204985,0.39948585954,0.13997969667
ENSG00000120438,36.6232241108,20.5235825468,3.7169013446,9.56918956891,0.63770751485,8.585115804,0.2478209039
ENSG00000182585,0.240179000354,0.492889829729,0.399735943853,0.269962229335,0.0253791105876,0.087471615333,0.0309164661564
ENSG00000204161,0.534407407233,5.21962357753,1.80263789313,10.2366297525,0.196962388083,0.45300079357,0.46376661935
ENSG00000182853,0.277328548688,0.395217445178,0.189961367946,0.412218749707,0.114689774935,0.948503012475,0.269844078937
ENSG00000182858,1.39126337782,0.367017970758,0.691262456181,0.338674297242,0.103814462855,1.12646596876,1.06000462685
ENSG00000123200,0.871674222195,2.76712444919,0.289341627645,3.99907922219,0.49229078561,3.5269732379,0.293403611935
ENSG00000169499,4.90290025102,2.43271618534,1.37629772322,11.7868897659,1.20934161073,9.5203735949,0.1621106583
ENSG00000176182,0.173669207105,0.619412393468,0.106831292783,0.917909328034,0.0203047930345,0.0588585053475,0.0006462132535
ENSG00000140835,0.00839203616344,0.201874421725,0.0216937329752,0.412595873736,0.171490883245,0.0,0.0
ENSG00000140830,4.85144913716,0.977131462411,27.8783173122,0.461485923196,0.26756983162,4.30676981875,0.557316730595
ENSG00000169490,1.08464072859,2.45516484177,0.831516608205,18.7970518385,0.11464703602,0.63694041795,2.5552195124
ENSG00000204438,0.177970195044,0.93562466715,1.66550035724,1.39500578771,0.00682314836,2.49623533609,0.294709444605
ENSG00000110243,0.0743071161108,0.0202495079648,0.0431562932415,0.394157043965,0.0286041298205,0.0024100419764,0.0
ENSG00000110536,1.24093428471,3.5618406036,1.27665440067,2.37035537872,0.593501446005,8.18261795945,1.19476831805
ENSG00000181031,0.300540696715,1.64945212517,0.879535566101,0.847445403124,0.32264791387,0.756747365294,0.513435869925
ENSG00000110244,0.0,0.0590512253841,0.0851351563315,0.905835948949,0.077039495798,0.0848087866052,0.0677069652712
ENSG00000110245,2.13736237997,0.0817187136846,7.56278266025,22.4551681354,0.331450746575,2.72637889861,1.187530884
ENSG00000167769,0.660035122694,0.0106283684754,0.00990811588363,0.375525470214,0.014672544186,0.0260036737097,0.060737959364
ENSG00000069206,0.0593539318807,0.0353096513932,0.0144118536402,1.46113469545,0.0580856964112,0.0564587463751,0.0
ENSG00000168010,1.0138569883,0.966464787924,0.390606086486,0.685041835114,0.048060229415,0.0363558443795,0.289503022525
ENSG00000189362,0.492985823431,0.447616763476,0.799188612116,0.444598049456,0.17344253173,0.132054090995,0.867786683805
ENSG00000189367,0.158940665882,14.2173480427,2.11507640053,11.3404328253,0.030793307465,4.05271870645,0.023384444315
ENSG00000102886,0.133132732751,0.380631189347,0.193113456044,0.921197477543,0.0441351386105,0.07996662412,0.36615661638
ENSG00000082196,3.62996975992,0.831626398139,3.62060503847,1.52999269637,0.040971270201,0.879147209597,2.5802792921
ENSG00000088298,0.466869206415,2.69413477502,1.21495080708,3.20681048815,0.303713010915,5.5581503856,0.53890801845
ENSG00000114547,0.0420235483989,0.0218011175028,0.0446067188752,0.0375653055607,0.0149438793852,0.0,0.0
ENSG00000114098,1.3799953811,6.58748736463,1.17294054165,1.98621383264,0.29997630733,1.8088125803,0.05234070652
ENSG00000168542,426.718313085,63.6679479872,221.826166004,730.163709065,48.2283201445,1568.64512001,396.829018885
ENSG00000143001,0.084548892393,0.0379264539783,13.2407021077,2.1129429583,0.105319779516,0.0236930853205,0.112965766234
ENSG00000184182,0.432455053129,1.8514452603,1.81073213386,1.76956345707,0.5527611934,4.8963376517,1.84707954839
ENSG00000120925,1.92977609328,1.64487174523,0.353791848666,1.9830684628,0.562905351835,0.866252532185,1.58489944605
ENSG00000144895,4.49040552198,7.21543432209,3.55967269661,12.9287431359,3.0291833103,2.09009054015,1.1324299607
ENSG00000105810,0.353282205328,1.30024453883,1.36390872195,1.33901663358,0.020481939655,0.53147465008,0.47932320791
ENSG00000131778,0.427084776297,4.34996637549,0.267530789761,1.17468390539,0.05567306716,0.02603055953,0.068108634395
ENSG00000131773,0.485181586749,6.4468873691,3.05922828311,0.380665834542,0.25709866733,0.840124378765,0.515501601785
ENSG00000135093,0.788961820603,2.9592754573,0.547500813973,2.44188802028,0.14518211846,0.36125635736,0.371868879385
ENSG00000131771,22.9196768601,10.0287547518,32.5087431158,25.9229942974,0.54727219897,0.198458661028,0.0130294491261
ENSG00000135097,0.00986376809529,0.116807289403,0.2913427352,0.347793418282,0.0364654702475,0.087281301742,0.0273367393
ENSG00000119929,1.07511797157,4.98694294652,0.793854522918,3.78610103669,0.148850832355,1.62181777731,1.13587377815
ENSG00000136273,0.67729386881,1.5735607423,6.03947531358,1.70157350622,0.16577423749,2.34798203374,1.4710436287
ENSG00000136271,0.793346931673,5.95932427502,0.423292166579,1.47284540687,0.12762393552,4.4490020249,0.824429498055
ENSG00000136270,0.133384861752,3.98900914478,0.350934930852,1.01055492106,0.01310127625,1.13809386685,0.23561463781
ENSG00000136279,2.06473742544,3.50508197678,1.86132548748,1.74870481275,0.46516232993,10.5581957335,1.77111125455
ENSG00000145244,0.335146135102,0.196628053992,0.0350934860939,0.125594562037,0.036252368828,0.0019308592853,0.202653520106
ENSG00000102452,0.105419106777,0.0497668959251,0.051691380629,0.497100346912,0.065137770012,0.146223873771,0.383561737575
ENSG00000086991,2.3876421226,2.05288640586,3.15060345064,1.72712795909,0.450341356355,0.139762100265,1.64277362308
ENSG00000145241,0.627219264313,3.83056902917,3.37495238071,5.21909188468,0.427246030725,1.33254577284,0.25242829025
ENSG00000167186,5.35623172972,0.673296380129,0.394985925123,3.39538323917,0.2487869279,0.76887541058,0.20891540422
ENSG00000145248,0.0190572915972,0.0120924621252,0.0162381932713,0.10934237208,0.0,0.0191363511238,0.044812944456
ENSG00000167182,0.150703774993,2.46400138344,0.243210670152,3.40125090905,0.023405976975,0.0517583092585,0.269790594355
ENSG00000148935,0.529425815979,0.2441449214,0.102768775159,0.462309074025,0.087665294067,0.104581014847,0.0082364375415
ENSG00000133731,3.07298066521,1.5485286137,0.319938998806,2.78917783163,0.36438604195,2.02470220785,1.94067784495
ENSG00000205744,0.138556825122,0.325903302943,0.718802715899,0.37777250727,1.01668539771,0.0891766660365,0.102013063986
ENSG00000133739,1.38610341698,0.357268026249,0.326292771845,3.66592693253,0.885928471905,2.15351574374,0.48835044893
ENSG00000187980,0.83248842462,0.142141162248,0.00832831274492,0.0,0.0370121464544,0.0,0.0
ENSG00000162714,0.0925592205125,0.546032505323,0.191323149855,0.250923386664,0.19112284955,0.1037729293,0.3795525182
ENSG00000062725,4.27523700617,3.01443660166,3.84262119984,6.00914154255,0.24908467293,1.09866819525,2.1613844615
ENSG00000147113,1.43246282958,10.6781506637,0.142417944008,1.35760600427,0.30163659975,3.71608850388,0.130915651415
ENSG00000135898,0.0227618290155,0.068063181861,0.0180266304928,0.0302265765421,0.029399736304,0.0,0.0186965194128
ENSG00000135899,1.22063221605,3.88653812962,2.6558847197,3.4932744206,1.90693958215,0.13398788355,1.02826861049
ENSG00000162869,0.594508965522,2.3449185003,0.65817266543,1.67692433668,0.0503672029,0.991507143145,0.064070212365
ENSG00000165724,16.2699843942,0.841912356636,0.761953754869,2.2023180111,0.07193246235,1.68460413744,0.002770785855
ENSG00000146576,0.265836023335,0.705558316424,1.29345856003,1.31627918451,0.11402848148,2.81383840521,0.16660118642
ENSG00000186106,4.52348768627,3.51849039871,1.14526313273,9.38817869645,0.847412912295,0.6757815672,0.53814280985
ENSG00000115947,2.53550196826,4.93851484064,5.25788509513,3.23294276894,1.2043580098,3.1685467397,0.22834054206
ENSG00000115942,1.46921650956,0.884684731732,1.36810441167,3.08367193164,0.045868655195,0.771803027735,0.07585471006
ENSG00000101222,0.345209360936,0.0269698876799,0.302467917545,0.269157767182,0.164552057,0.142611537135,0.057595481403
ENSG00000167986,1.12333743365,4.66659285621,3.77315858422,6.05700965186,1.5823067793,27.0224621336,0.3706453862
ENSG00000167985,0.895372537565,1.70649050793,0.298007187421,2.45421194973,0.1913779443,6.09882588225,2.83935348277
ENSG00000167984,0.0171910908815,0.103854305073,0.0288493537502,0.242122004231,0.390964053935,0.155205369023,0.0108870923089
ENSG00000153347,0.0103840708602,0.025056229521,0.39518967371,0.173837837881,0.0149157983899,0.140185256635,0.0269406157263
ENSG00000167981,0.0464824390563,0.105651134676,0.395907427735,0.862551560946,1.06668760565,0.69863745085,0.43159333927
ENSG00000069974,0.15334946415,2.48249521675,0.384562797951,1.45636167659,0.41462496274,19.4462482981,0.462386887545
ENSG00000154429,0.636993506956,0.528133612884,0.73101120223,0.36007422864,0.087459830362,0.47175093969,1.77407427217
ENSG00000084733,19.4493060254,8.85053118578,2.40305088117,13.2728779592,5.3113836636,1.8436429782,3.84818547845
ENSG00000127324,0.0119338423198,2.73831017724,0.278385880891,0.117807895678,0.26723727611,0.16605588534,0.137608246647
ENSG00000038427,2.25479075958,15.3233996453,22.9066840589,4.81447541326,2.55727323425,0.135728506845,1.411746028
ENSG00000127452,0.255065375743,0.605903300569,0.820324959274,0.514872587034,0.144943389105,1.47751970368,0.02277118465
ENSG00000187189,0.236923522034,0.175391599158,0.378398954609,1.88070439515,0.015673462735,0.022240889178,0.04251257822
ENSG00000127328,0.580426058881,1.70262535357,0.608383228673,0.529693235834,2.25184939658,1.47144062725,0.092572794815
ENSG00000118849,3.77712266511,11.760514854,0.940852344418,6.16122790976,1.6754806173,0.58919994805,159.156320476
ENSG00000074410,0.146259074191,0.533334946627,0.807337857578,0.79118590268,0.0243943234565,0.212677331647,3.79059326429
ENSG00000074416,11.4810091572,14.3678242057,20.1161344721,11.3648900233,3.52373862905,20.9100484902,54.8151181185
ENSG00000020256,0.0617353023991,1.2408239334,0.153883541241,1.3192525309,0.03051674669,0.144244665263,0.132695155295
ENSG00000080293,0.16405076777,0.0517056986252,0.0399492914076,0.0338222498371,0.171035428867,0.0609055631185,0.221380231427
ENSG00000077147,7.66164069646,11.357417317,2.08265305087,36.1470020027,2.9121013046,4.7577495702,8.24328377915
ENSG00000077498,0.0775928248372,0.118866839021,0.0125859370324,0.129757671951,0.298840844445,0.0,0.0224039531366
ENSG00000092098,0.639369125992,2.09622986158,0.431184188326,0.778762926076,0.21101470526,1.73027387727,0.379210634435
ENSG00000214285,0.539253770984,0.0,0.0536251452174,0.0,0.0,0.0,0.0
ENSG00000138363,0.398454396879,6.70734072577,0.784051801259,1.01959493671,0.161489256295,3.8987707479,0.87759191812
ENSG00000133193,1.76378591586,2.18182419643,6.05343044765,0.692022530158,0.53456817793,3.01617591255,1.90977983422
ENSG00000047410,0.959588921205,6.62482205549,2.70314204802,7.71785648513,0.6020455513,10.5707388134,0.2003950082
ENSG00000205356,0.196815951875,2.03422803619,0.208158899108,0.342735250801,0.34446198629,0.692178825485,0.00643036089
ENSG00000112494,0.00708318651238,0.0270686165016,0.953697145042,7.05721410749,0.0401855554955,0.0,0.211123833575
ENSG00000144591,1.02698695046,1.18725251283,1.11659107671,0.740596976411,0.46218705434,1.59617325155,0.03393850105
ENSG00000105364,4.56661056456,1.36509617893,2.13464769376,0.563344916872,0.47867553432,1.73752296593,0.20288610365
ENSG00000144597,2.71433641496,0.923201955831,1.46164066948,3.35917479523,0.08464955608,2.25717747237,1.43172858506
ENSG00000166589,0.700728031699,0.00880592041008,0.0308613582318,0.330408219184,0.211799236434,0.072356828138,0.577088914937
ENSG00000267909,0.0,0.00325480203937,0.0186262793645,0.0138844938336,0.0431322942111,0.0,0.0122549833411
ENSG00000225830,0.371538586961,0.714853049988,0.265717310153,0.41177429162,0.1303434362,0.111457629735,0.015524539075
ENSG00000188981,0.0563368339373,0.0500210544041,0.0898147470348,0.279771107346,0.06329886006,0.392131094103,0.0425143917731
ENSG00000166582,0.70678490106,1.18256461216,0.386347578737,1.72475448363,1.9670137355,0.194345923,0.60884931658
ENSG00000157734,0.27074743425,0.0533961193037,0.388459885692,0.244022387438,0.203877572838,0.117255919371,0.40003899116
ENSG00000164451,0.00287761050048,0.0515394858219,0.0488254866844,0.355757278225,0.0565110028739,0.0794660839106,0.0188880995056
ENSG00000133997,5.39873095915,1.54669692456,1.58388999818,1.254562072,1.60516917985,4.46468753205,2.50413055066
ENSG00000148798,0.00510339222207,0.00550679583832,0.0207334498343,0.0383621792512,0.227413255283,0.0142981999436,0.0497620836705
ENSG00000008130,7.25784166671,3.59009401548,44.7131376876,9.04341574864,0.69889235505,15.8196927926,1.8917947155
ENSG00000164458,0.0385585434673,0.0129581126586,0.00537380658829,0.0596571616269,0.022776755349,0.0,0.0141803024765
ENSG00000166634,0.218457702379,0.0164500124629,0.0361726677587,0.625207597036,0.248320626727,0.096642848222,0.210885595208
ENSG00000130948,0.16484337811,0.128536585944,0.0666631009571,0.098353654788,0.012351503034,0.14999978645,0.0582525635849
ENSG00000100575,6.73789870169,2.69233589565,29.7006066798,0.383223751556,0.261264178655,47.145550153,2.9428786799
ENSG00000100577,1.6658272305,1.44253395065,0.954340168241,1.58967141588,1.37796602545,32.0749055164,29.7772305884
ENSG00000100578,0.236270600632,1.48128099396,1.1109400984,1.43821922593,0.35621615242,0.89110646773,0.40950751746
ENSG00000104059,0.00772994388184,0.0214655069767,0.0550390295841,0.0559353287206,0.0797367307635,0.017903335137,0.0177214465126
ENSG00000157551,0.234970421723,1.47434563793,1.20374846072,0.463442813004,2.08514975212,0.024244951737,0.0048458975775
ENSG00000157557,1.69146069844,4.91798009155,0.661844702666,5.65361959933,0.70125120691,4.95544853078,0.60110640046
ENSG00000157884,0.0159446334442,0.11719527645,0.087912939993,0.17152481179,0.0329069030449,0.0143068172935,0.0776722907095
ENSG00000067533,1.69976652765,2.65867823263,1.94131135304,5.97064186197,0.308371573835,9.26531367585,0.31585786188
ENSG00000174446,4.21274945017,2.14272386974,5.68282196802,1.98528820574,0.88338749735,5.59840974675,4.38955442863
ENSG00000121644,0.928617157183,2.5112439312,1.82556385353,1.27404400784,0.94589400577,0.282907387385,0.444646492605
ENSG00000170162,0.0501845537258,0.00662459468976,0.598654347532,0.0108228084415,0.023329444125,0.359331049665,0.50557297062
ENSG00000196510,1.12925626346,1.54321684239,0.270074569412,4.59836170272,0.0798416306,1.7860996307,0.476432243245
ENSG00000196511,0.734912019725,2.29515926951,0.210975915276,0.316434848956,0.023368428735,0.259376974934,0.377840529075
ENSG00000170166,0.330147518178,0.38407994319,0.225214550428,1.34650445713,0.057273847187,2.61338388881,0.66928900776
ENSG00000164187,3.04742540085,2.03158842824,1.15499208379,5.94598224629,0.09146656438,2.0339222051,1.52502640475
ENSG00000257093,0.104171320872,0.740504399528,0.411988976795,0.686591474134,0.050966726485,0.786063978045,0.22004802342
ENSG00000164180,0.414245200228,1.27776341207,0.624236664209,2.30141726638,0.193820058425,0.73387223279,0.667374783245
ENSG00000164181,0.724344986738,1.40140021132,0.636011531956,19.8535506733,0.0159579454645,0.056647046335,0.361059804111
ENSG00000198912,2.80075482774,1.4662245382,0.874358731146,0.173398072404,0.61515847621,1.52208877601,0.62814077423
ENSG00000164674,0.165837846008,0.311446369819,0.0895573851054,0.169823248028,0.230414696665,0.043638257804,0.383841152312
ENSG00000164675,0.00471720204513,0.0476121422513,0.073439011596,0.68576426807,0.354634192697,0.357822884061,0.0607888326295
ENSG00000198919,1.35172415544,1.2599247371,1.57776123094,1.20962590788,0.287741108485,2.41365817304,0.906662842
ENSG00000130363,0.0316515244666,0.546534991833,0.0699338196395,1.08802352346,0.20308427193,2.91888770547,0.240317250229
ENSG00000005020,0.786038148251,4.78087764965,1.13103286895,3.47011861171,1.10861247055,11.9082003714,5.02449572435
ENSG00000061492,0.0251207205472,0.0,0.00761534756169,0.071426318189,0.0405040513649,0.061921561647,0.0111259205004
ENSG00000236699,0.0760235087085,0.251661126501,0.0416011388664,0.217332856716,0.081038983945,0.0122567413428,2.24741445135
ENSG00000099960,0.169691381143,1.4464289742,0.0150884237687,0.048887292965,0.09034547366,0.00131743844865,0.0231070213213
ENSG00000053900,1.34859041901,3.81065666485,1.73454359979,0.640026185278,0.51900647495,0.547177622275,1.3332026697
ENSG00000099968,8.07014862186,9.43404850612,5.6841381268,2.01370734891,0.561383554485,0.93258193725,0.29743618065
ENSG00000155959,17.6538270192,2.80331972399,2.99861491637,8.54786602304,1.3565095271,4.0217061332,6.54891245635
ENSG00000155957,33.7738437391,17.7072206623,1.92478331491,10.0393075724,0.812402692505,0.37615188625,5.54967908165
ENSG00000124091,0.179254817073,0.0141582809489,1.04801824794,0.706217832552,0.0184379647271,1.29631648756,0.763869417804
ENSG00000175536,0.0749160502099,0.28303299249,0.273240418645,0.429456277917,0.03353863356,13.2939718841,0.543258492595
ENSG00000124098,14.348121601,0.694927502534,1.67851591875,4.63339336817,0.5608024839,3.5916973661,6.41595416865
ENSG00000175538,20.271785836,1.83802188177,3.68701223332,0.701818390827,0.118091788939,1.90123238126,8.09704591095
ENSG00000180537,0.00751861263821,0.23571490822,0.0974696036727,0.0392598921352,0.0111545433541,0.332769078499,0.0218456899123
ENSG00000180530,0.865375933477,14.7730097845,5.53628561775,5.69089632124,0.47731663665,14.9217069332,0.27431148655
ENSG00000113456,1.85060185463,2.65039385596,0.402427512293,0.934635194894,0.14088932089,1.00701957755,0.095386107725
ENSG00000016864,0.583802555877,2.62390550389,0.707223238242,4.99976289088,0.6962286997,1.4938383714,1.3826450882
ENSG00000140623,0.00815520338997,0.115616390621,0.0404661453684,0.263052582369,0.12090723116,0.0038185498116,0.345716873583
ENSG00000160606,0.133394531958,0.48312359178,0.12484030567,0.223151804802,0.10070717231,0.926779996585,0.455619433073
ENSG00000125149,0.218073404926,1.08371022027,0.111106376589,1.03143038671,0.015718872195,0.41652937782,0.15781205604
ENSG00000064042,1.58590270762,9.533555429,4.60543993061,13.7116102046,0.226548088685,1.04016167303,0.19238523245
ENSG00000160602,0.0843770004426,0.185748345944,0.405466902722,0.204119850481,0.184330876255,0.172635340495,0.15985418912
ENSG00000170345,84.8230801913,75.5947270865,3.52226451972,48.2368614659,4.38639953899,84.4423549351,50.278698899
ENSG00000089063,20.5739687798,10.93899109,3.65559021393,9.21740944561,1.96351801725,0.01383214385,5.7413450619
ENSG00000170340,0.728380017704,2.30383419502,1.42696721357,2.39874665164,1.39717888796,0.62794582686,4.06188960965
ENSG00000089060,2.36419010288,1.21526346001,15.2713568289,0.419676634638,0.06619697728,1.08609149659,2.23826957858
ENSG00000144834,0.144130107739,0.0338083462344,0.0104857456179,0.17202600777,0.119584929313,0.0201328873245,0.0694493722039
ENSG00000198265,0.503985686644,6.72764080345,0.489003636369,6.35795794003,0.3525621538,2.88148572269,0.007555632
ENSG00000111325,0.763921523223,0.578772696147,3.2330179872,0.498345872169,0.052050296199,1.11311360451,0.09780626882
ENSG00000167378,0.38944343687,0.531981306297,0.330443189618,1.43732996734,0.169846948883,2.22813056891,0.003072237055
ENSG00000124232,0.182147508098,0.0124833725593,0.0507540469284,0.0261177840854,0.299011859838,0.0209696806371,0.0655444733452
ENSG00000013306,1.0099245653,2.43387341844,2.5431493248,2.4236301991,4.13587363955,2.231520337,0.802024764845
ENSG00000135469,0.711342676776,0.615831822645,1.67249158395,0.218507082618,0.479724275465,2.58899771101,0.463358341685
ENSG00000161911,0.039318854514,0.132750314835,0.239817899618,0.0214177088807,0.139855937078,0.316766711389,0.10371507271
ENSG00000082074,0.362007857823,2.8380618498,0.750566397521,1.71464629829,2.490191177,0.227278587188,0.413965554121
ENSG00000087008,0.505817169666,1.0952748135,1.93399987106,2.24976237723,0.699801149335,3.75537331032,1.144357681
ENSG00000068615,0.843819512142,0.191891872201,2.02400809706,0.894260490089,0.038891521569,0.451241754456,1.15516885012
ENSG00000156675,0.15593461392,0.487776063884,0.568249432078,1.13499894105,0.832604843255,2.29501951205,0.337219861345
ENSG00000214050,0.0127777556105,0.648235129492,0.0323705325052,0.177771787165,0.034243004792,0.00510181157155,0.00772842708715
ENSG00000106105,2.34032183215,32.2255753088,1.61540888456,1.06255769102,1.99584408115,0.285252952175,0.16539298049
ENSG00000106100,0.223346601756,2.48541891855,0.400641603229,0.501984501865,0.127173763625,4.55459244562,0.137877732095
ENSG00000038219,1.30653969775,4.17418895316,0.781569174078,2.99023229013,0.73150372837,4.58408247706,4.22729844113
ENSG00000167513,0.435175802882,0.106682277236,0.144217547625,0.227879307493,0.09781672327,0.164350583363,0.055745547978
ENSG00000214872,0.117201045846,0.00593972736734,2.29184982568,0.0476904088943,0.0699951232515,27.1274022386,1.60122615845
ENSG00000109103,0.929995481056,2.50572075646,0.59637762285,1.21571387036,0.2804480764,4.1856313364,0.26829152305
ENSG00000109101,0.00187489120641,0.00253671259584,0.00468748245886,0.0680408509923,0.0363316852936,0.0,0.011813689216
ENSG00000128590,12.6567710567,9.98620853945,1.63824931149,13.4427340048,1.19272889625,0.2161932845,1.3125862707
ENSG00000136542,0.0440458079854,0.0701935361754,0.539054214714,0.30570063883,0.19759602478,0.112981412333,0.247247963653
ENSG00000091831,1.9224074976,1.0060559087,4.97892937703,1.02434742675,0.0535145236,0.3028877673,1.48608258734
ENSG00000164871,0.0,0.213139872837,0.19395323541,1.13033646012,0.223525754839,0.0,0.0
ENSG00000100744,8.93148107246,2.07607037066,6.15481471471,0.502113222962,0.013014045775,1.03861468048,0.18856351724
ENSG00000156709,1.08227987443,1.17580972697,1.15833954522,0.939678049563,0.39673617748,0.47886580765,3.29237282489
ENSG00000102683,0.108662041812,1.58635387173,21.1936228367,2.60504753601,5.53406768075,11.9793240073,1.33149139974
ENSG00000102554,0.199230406002,0.737103560086,0.678550302158,1.68382022347,0.49994431239,0.35655840184,0.887103299673
ENSG00000106366,4.72095036927,4.16435992822,1.2208498418,19.0170310508,0.03915546557,4.2377216827,7.22088106495
ENSG00000125378,0.221977636298,0.860975186176,0.475666861288,0.679486349543,0.32758658926,1.3404900347,2.3321971923
ENSG00000002834,3.94526760036,4.34557743878,4.18053146143,4.68026187716,2.84975475075,8.8603045606,0.29078349485
ENSG00000142082,0.353988526054,1.63154839451,0.751157276812,1.11542953155,0.10104995836,0.545285606865,0.52853320522
ENSG00000105668,0.0409249591906,0.0428654171382,0.00939985101727,0.229886860719,0.186841028198,0.0,0.018061914818
ENSG00000057593,0.0190611882352,0.0718441508186,0.0162738822698,0.0390470401832,0.0118724007378,0.0,0.00375452239942
ENSG00000166352,3.42239886724,2.8553296677,1.76038492541,2.37333872131,1.1472091131,0.431712633845,0.974923676695
ENSG00000070526,0.00670264283835,0.518854269271,0.00330068652191,0.628818388574,0.0184226495994,0.0092192352546,0.009396038164
ENSG00000166359,0.0280654229794,0.0260689157616,6.70298936423,0.103552223385,0.119296954909,0.23589104523,0.0309670424624
ENSG00000118785,10.9179655667,13.1715931772,18.3040865587,13.0283878809,3.73653809367,4.00960959462,92.7592144348
ENSG00000170175,0.160305900708,0.870029945554,0.173358128161,1.256437928,0.0669876636585,0.033975221055,1.00095447879
ENSG00000145868,1.25670065971,4.37087713925,0.393283513196,1.26227595328,0.260926815675,3.65369494629,0.53352633396
ENSG00000181722,0.24777157033,18.8642135956,0.347898269968,6.5948225047,0.42633159105,2.56974306775,0.841947627965
ENSG00000163659,0.912225385162,5.84261934363,0.886657155896,6.62820713328,0.43039245455,3.5212200679,4.4862877429
ENSG00000178965,0.00740307797349,0.306700708779,1.6944555358,0.0230442111563,0.155745588927,0.0206408792075,0.06179071313
ENSG00000163879,0.057537372764,0.416304734477,0.0218851149045,0.173768828261,0.0240921252427,0.107693902635,0.0
ENSG00000178966,0.524201832753,0.346525332275,1.13897806528,0.707412344238,0.1901097367,1.40727556352,0.6743192514
ENSG00000187244,7.7168172205,7.63207152859,6.84665415374,50.2533497251,0.08854277542,34.538350156,7.65225227125
ENSG00000163875,0.721968547559,1.36326651214,4.23162852671,2.72384113505,0.325127274575,2.663282399,1.6621356322
ENSG00000163874,1.10683136953,0.930640930801,0.435158145761,0.434367060962,0.407743966425,1.94167564101,0.34368428913
ENSG00000163872,0.502679735281,0.797796512637,0.370716166445,1.57380020532,0.5499943491,0.25955521005,0.02416603314
ENSG00000163655,0.849046231176,1.44400709275,3.71052638831,2.21399574926,1.32629471205,0.13376127746,0.87628224465
ENSG00000163870,17.1552662,1.48165713653,4.61360189115,1.91379013577,0.363780022025,4.40681125576,0.06553460112
ENSG00000172613,0.119685760985,0.553725131354,1.02939194377,0.172934501246,0.397738663865,0.347859998315,0.51963528141
ENSG00000144451,0.42644780993,2.81326550063,4.35983480253,0.3223640515,0.154030001237,0.09645321557,0.04988839295
ENSG00000144455,1.71673458157,3.05426527867,1.97554464575,6.39877852879,1.09070459692,4.93613850277,5.9523499097
ENSG00000188647,0.499579412172,2.4759441495,2.26401135182,1.77816815817,0.33299276704,3.9051773441,0.8791749243
ENSG00000166136,47.8938808365,10.9528033637,2.58300638283,20.695496607,3.90554221665,44.732436957,23.8911235039
ENSG00000188641,13.6125116821,4.38052455909,11.3881188072,4.60056114469,1.03118878475,0.34881576768,4.8604212045
ENSG00000182264,0.895401971177,0.159154722634,0.362530538732,0.456017209191,0.038529763619,0.07615510749,0.657293076705
ENSG00000186973,0.223691826659,0.0,0.107712132857,0.0,0.0497716973625,0.191516042535,0.0
ENSG00000186976,0.0780010504566,0.347195887854,0.102572373363,0.374746421167,0.00065254225455,0.0178722884681,0.002008762628
ENSG00000037897,0.700475994456,1.04288026967,0.657090391043,0.636741427167,0.018431264655,0.186010045555,0.24180927557
ENSG00000215475,0.0,0.00410703080156,0.0,0.0138930051738,0.0242762016841,0.0,0.0
ENSG00000177398,0.00449125346343,0.0303414445754,0.00670720350107,0.0214436297901,0.0036690313925,0.0,0.0429225712305
ENSG00000137760,0.0684968868048,0.422836412742,0.41935711441,0.661849167941,0.03795167873,0.847253421655,0.110469337835
ENSG00000141665,0.013745613865,1.02673913874,0.152600603485,0.177356593304,0.07763125678,0.125676028765,0.0287771724518
ENSG00000115204,3.00270359845,3.82734023592,2.64084314876,0.465911474702,0.6627436993,0.44501721719,0.089760360025
ENSG00000115207,0.234972329576,1.47739236489,0.536946364278,0.85321985677,0.413077548365,0.404193612805,0.316952198175
ENSG00000146469,0.226048111012,0.0963822639251,0.0296563297948,0.0,0.0513075011445,0.0,0.074621055413
ENSG00000258315,4.42765106353,4.11252997315,3.22015402162,2.72443684028,0.572318039255,3.63409523252,2.4728564792
ENSG00000172738,0.0,0.166561172178,0.0,0.0294250312721,0.0219976507135,0.143396982559,0.0
ENSG00000162298,0.542377441425,3.65083465325,0.484664907814,1.3442043791,0.183191663815,0.431223922025,0.30743486036
ENSG00000074356,0.431610333464,1.33286108327,0.489665795654,1.03792038207,0.07697760083,0.188749760325,0.60936393949
ENSG00000126790,0.331903782065,5.09369442685,14.3135199016,1.34978364277,0.07506032054,0.06512699114,0.25033344706
ENSG00000091164,24.7498756646,3.2031694459,8.57249051244,10.1995024922,2.7250582951,0.5934058337,9.11617309225
ENSG00000136485,0.658805477774,1.08226763827,0.811908072516,2.53633106996,0.315566105305,5.197588832,0.42478412944
ENSG00000132906,0.520610937504,0.33855183658,1.43901626122,0.379530889002,0.104792496085,2.25660572161,1.05161999638
ENSG00000204290,0.00519429014967,0.0112357129737,0.438289777156,0.162277251564,0.0016131363111,0.117598172113,0.0152790665139
ENSG00000151812,0.00495177276019,0.562277593135,0.0161910639273,0.0379841901705,0.0508400231902,0.0,0.98809548753
ENSG00000221838,0.269785514133,0.486506095569,0.392122688878,0.524768953595,0.585198253805,0.143158790646,0.54078818023
ENSG00000145050,3.9073941493,6.08877726005,1.29463585705,1.05239490374,8.17108853105,30.9003144928,2.9008247905
ENSG00000153086,0.821262095859,0.00735171591905,0.103088266095,0.304242976575,0.0148927408681,0.0533847506762,0.503098294062
ENSG00000158062,0.424817204948,1.29659161951,0.250603827601,0.564998995083,0.078153831477,0.214079804135,0.009823859272
ENSG00000055332,9.71540992425,4.34019007633,1.58367519973,5.54539241495,1.1624953365,5.05454971635,1.23071217581
ENSG00000133059,0.186205294533,0.510343255177,0.401925718766,0.728471778118,0.07543084944,0.71892544473,0.02604598091
ENSG00000138771,0.0427766913366,0.0404943662857,0.0611819642792,0.675315707794,0.04011363602,0.0212494622415,0.0725982550705
ENSG00000149761,3.68824588823,1.81784408627,0.985000962429,1.15521152735,0.341704115005,1.30867641654,4.1127069771
ENSG00000141219,0.848047523417,0.704773122709,0.0304101042416,1.21191001293,0.303042436335,0.766356806665,0.29556444539
ENSG00000138777,5.03363266419,5.66042951274,1.70245782655,8.09382519527,0.10213001549,2.3052757221,2.2610766559
ENSG00000139826,1.57183849793,0.748183447248,1.51509729212,1.49235459671,0.09413819774,3.13816479137,0.62904458908
ENSG00000009413,2.66160942846,10.9807648022,6.91901048631,4.25992046696,0.4075635014,4.21896279468,1.37965523267
ENSG00000165118,0.0986102611647,1.22405497036,1.43713358341,1.70067919768,1.40147417525,1.5101975826,0.707257074285
ENSG00000136732,88.5616981941,7.53124007524,4.61272906243,1.14686972283,1.36613516982,13.9234365057,27.4329074625
ENSG00000165449,0.0544156465191,0.0471183169017,0.07353740346,1.14812761859,0.119882917735,0.023852107495,0.020845197225
ENSG00000165113,2.46449940857,1.72403216317,2.94398454318,4.01259918642,0.0674301084,15.2321762845,0.973665097235
ENSG00000153885,1.34077689477,0.933050738086,0.395126442641,1.1806992312,0.044982590935,0.507052145162,2.57669454331
ENSG00000174611,0.073007069915,0.0329908136838,0.0695680146391,0.0524413733624,0.16157333224,0.412273500109,0.028663007198
ENSG00000121410,0.158146917314,0.441108879384,0.0470037646432,1.59702071073,0.0378318927628,3.5441201837,0.45492287172
ENSG00000188554,1.22585671606,3.24668773517,5.83966990639,5.40108474294,0.05180527295,5.0008218847,1.01444784205
ENSG00000122376,1.05839521452,5.66921044682,0.686472028297,1.34765404159,0.095473062365,0.060904150585,0.239182107455
ENSG00000137288,14.1405033588,4.32743912351,4.54832426294,0.886229918913,3.04085992445,1.22869018695,1.64477034253
ENSG00000116035,0.00943224263627,0.114376308594,0.0192780967242,0.214821523855,0.103561711201,0.0,0.0411844638878
ENSG00000122859,0.0,0.0345443604555,0.0,0.0,0.0672008793514,0.0,0.0
ENSG00000130775,0.37733356136,3.10525019689,1.09040614354,0.677115235755,0.512524856925,3.95982712823,0.485606533205
ENSG00000173705,0.0278181137812,0.258098605625,0.0141767073937,0.162586125918,0.013141584896,0.0307091579558,0.0580131495984
ENSG00000173706,2.36244721634,9.30499968096,2.22650887073,6.71519136546,0.596205145355,4.119962637,4.8068114218
ENSG00000122507,0.241280319633,1.03634177053,0.671740106216,5.4143386154,1.25592369765,0.220900037745,0.414260605705
ENSG00000173702,0.0167313888369,0.13274332979,0.183842809805,0.0216883460425,0.128988598201,0.00471581316945,0.0012990806288
ENSG00000077800,0.0221564225571,0.052729954191,0.0085931461461,0.13826612588,0.0327184908796,0.0576269361005,0.0201091810168
ENSG00000085721,1.21014350752,2.96310161295,1.40254590644,0.812906511943,0.92696544965,1.00317494236,0.792283096595
ENSG00000119927,23.2176443996,636.978933949,64.9244628826,1.29519088487,1.601015457,2.0796637911,24.1909230407
ENSG00000140105,1.91186342318,36.2699200406,5.53493839448,1.58536780526,0.55363791855,26.7032340022,0.30623687735
ENSG00000119922,2.37458457512,0.688359088912,0.694664781288,4.06662762829,0.035988293155,9.33813440195,0.39150743776
ENSG00000183615,0.201969028576,1.86009382188,2.09825294835,5.68848373313,0.43548443348,3.08289380049,1.2821359122
ENSG00000090565,0.03519364847,1.86246082167,1.4642788424,0.271102263238,0.041864762615,3.56551278505,0.06430989018
ENSG00000143450,0.0435689275414,0.340989141732,0.213643877517,1.18009017394,0.0241455429415,0.0,0.54976124773
ENSG00000138193,1.11778585782,0.960420906542,1.65230414129,0.409753296844,0.23159810143,0.192703947285,1.1010244517
ENSG00000116786,2.33762993206,3.0109835681,4.83213704598,4.72944753695,0.33358232213,12.7066452291,0.7511851054
ENSG00000076604,0.447161699096,0.559819793001,0.127443984702,0.41659012934,0.41776292656,1.9908726191,0.033567388251
ENSG00000167131,0.0370682488714,0.100287570074,0.222356714729,0.190873273754,0.058316108042,0.278927306531,0.104330694344
ENSG00000104427,0.240766088006,2.31798979453,1.0110916694,2.08007236105,0.54801130005,1.01933266318,2.10084103415
ENSG00000159625,0.0163800533536,0.0443418320449,0.020836841622,0.0398820357892,0.0455250568882,0.0080368103843,0.0059773275457
ENSG00000117560,0.0858276350473,0.126519389199,0.183183406748,0.151621249311,0.039591508034,0.0434628387402,0.231261658606
ENSG00000188959,0.0147967615797,0.0591021382092,0.258225139823,0.68341572457,0.06304199718,1.19487055523,0.00010306078465
ENSG00000188958,0.117787217414,0.124402396671,0.0740994437655,1.60659201456,0.169322394974,0.0,0.0460026810523
ENSG00000144339,0.262586966844,0.0329147637852,5.72824738061,0.714847523459,0.92540642109,0.0776490808453,0.844704416508
ENSG00000134258,0.0,0.0258898834143,0.00864611149621,0.434217346064,0.429973570235,0.0,0.006892269126
ENSG00000154945,4.05736737444,9.93868958109,2.13916315454,2.37065652691,0.3130835079,0.51811518295,0.15111554629
ENSG00000278311,1.14139722654,4.0159967225,6.23923736363,4.95268325864,0.07159065925,3.4531438008,2.33468193185
ENSG00000140320,0.32587304957,0.426916869894,0.431343498983,0.910323127417,0.07604447655,0.74458721105,0.14362544258
ENSG00000188779,0.000571303881677,0.0668712482787,0.0153233777434,0.0349653751595,0.00438010818165,0.0273559521438,0.00882158905825
ENSG00000164241,1.29728343804,1.11677845177,0.0295914925384,1.66271319831,0.28105815199,0.61378700464,1.41555466098
ENSG00000275591,0.025313703256,0.014328758354,0.0257319481772,0.220119636946,0.0214469734612,0.085533483769,0.0378971179951
ENSG00000164244,0.121320219577,1.10329455115,0.554427877011,1.37672432101,0.5396442275,1.62842465996,0.01891889301
ENSG00000242372,2.56825561105,5.4623430188,3.92534320223,7.51199655742,2.6011518484,11.8783243951,2.9709327465
ENSG00000155016,1.20426470829,0.998311084033,0.574983418058,6.05717476198,0.000428662655,0.110408824488,0.31002904989
ENSG00000155545,0.384271908338,2.26633039185,0.809694247097,3.63534003796,0.10917513211,1.48337001928,0.4481855516
ENSG00000155011,2.49699733776,0.366262308322,2.26526972143,4.08338491168,0.292210342247,1.41239594336,0.81681205146
ENSG00000033327,0.507575664107,2.37601908046,6.24661932611,3.98768614279,0.269435596195,4.41428593957,1.25050568265
ENSG00000100968,0.323197750257,3.05445753278,0.764404259987,0.703636853039,0.15850431784,0.649113783385,0.258921346955
ENSG00000100749,0.562283768733,1.42254458513,0.177642643103,1.0071951691,0.291702458625,0.0297831386,0.594090826505
ENSG00000107771,1.65352640274,4.84655101347,0.755845962685,10.3016121152,1.06953042415,6.67569656176,0.88652308455
ENSG00000230124,0.251645857899,1.39373377773,1.86013957554,3.11724402739,0.65776080898,0.300506296815,0.3581979934
ENSG00000204983,0.190042894816,0.241459774475,0.00474709021906,0.016790629924,0.0,12.897955948,0.0360885826412
ENSG00000156931,0.343351700273,11.9005744117,0.197536479879,1.64014616767,0.22956830872,0.82984803606,0.3421040459
ENSG00000152558,13.2113807034,5.49400252854,1.19438771011,4.52524908174,2.1737133757,10.301083141,0.49011609914
ENSG00000143107,0.00818407744028,0.00458679467327,0.00609801569014,0.346940525969,0.04604454131,0.0459857630535,0.00475892608215
ENSG00000134253,0.683377397626,0.226360816115,0.197077432947,0.485692985401,0.012096028066,0.044134906475,0.58675491997
ENSG00000143452,0.0912150716703,0.195319195543,0.0354813259347,0.503270759498,0.165712898761,2.19810137565,0.125533622929
ENSG00000144331,0.0367770938274,1.41693492977,0.692408782377,1.82304878216,0.0913737820405,0.377275673314,0.126605095264
ENSG00000178104,0.170896008012,35.5982713793,11.6763137444,1.58309514307,0.429393628775,11.9418174077,1.98398882705
ENSG00000097033,9.90425689295,12.5318864445,13.3021246158,30.9616447168,4.27810081315,6.47656724825,1.53388799965
ENSG00000134259,0.148554052901,0.296637803652,0.0268884163927,0.663950065097,0.161283574442,0.596979498931,0.413332353495
ENSG00000143458,0.707985993921,1.64131414988,0.630252953858,2.57300100625,0.488914555015,1.69008738006,0.03196579032
ENSG00000124935,0.427512502496,0.0,0.0,31.4721694263,0.133521220741,124.460960341,0.0
ENSG00000161217,1.81545001652,2.18109963126,2.06832456197,3.45131024141,0.0216908991,3.29095680872,0.42312688579
